Date,Discharge,Dayl,Prcp,Srad,Swe,Tmax,Tmin,Vp
2000-01-01,265.0,31104.01,0.0,183.41,0.0,-8.35,-18.89,139.01
2000-01-02,257.0,31109.09,0.0,189.38,0.0,-1.34,-12.53,230.34
2000-01-03,250.0,31199.31,6.04,157.23,0.0,6.07,-7.83,337.69
2000-01-04,285.0,31332.34,11.5,158.76,0.0,8.24,-5.65,405.52
2000-01-05,360.0,31448.96,11.59,148.52,0.0,3.81,-7.94,335.83
2000-01-06,390.0,31449.61,0.0,176.98,0.0,-7.04,-16.43,172.11
2000-01-07,360.0,31449.61,0.0,190.72,0.0,-4.74,-15.16,187.12
2000-01-08,314.0,31544.91,2.36,134.89,0.0,-1.2,-8.7,316.33
2000-01-09,294.0,31744.75,0.0,161.6,0.0,-4.12,-12.26,242.56
2000-01-10,288.0,31795.19,0.0,178.96,0.0,1.88,-7.61,350.24
2000-01-11,325.0,31795.19,17.38,138.92,0.0,2.37,-7.26,358.73
2000-01-12,380.0,31828.31,0.03,200.88,0.0,6.01,-4.88,429.19
2000-01-13,310.0,32090.35,0.0,211.23,0.0,-3.19,-14.39,204.15
2000-01-14,270.0,32140.81,0.0,221.63,0.0,-10.86,-22.73,99.94
2000-01-15,245.0,32140.81,0.0,161.08,0.0,-17.54,-24.92,85.12
2000-01-16,220.0,32298.24,5.77,160.92,0.0,-13.99,-24.7,87.24
2000-01-17,205.0,32486.39,9.24,192.17,0.0,-6.66,-21.72,110.25
2000-01-18,193.0,32486.39,0.0,176.77,0.0,-16.38,-24.31,89.86
2000-01-19,182.0,32643.84,0.0,257.79,0.0,-13.77,-27.78,65.06
2000-01-20,178.0,32832.0,0.0,287.48,0.0,-9.04,-28.53,61.24
2000-01-21,171.0,32832.0,1.38,275.15,0.0,-9.7,-27.32,69.18
2000-01-22,165.0,32989.45,1.0,229.18,0.0,-12.47,-23.31,97.48
2000-01-23,161.0,33177.61,0.0,163.49,0.0,-19.38,-26.12,73.69
2000-01-24,159.0,33177.61,0.0,277.85,0.0,-10.06,-24.78,81.08
2000-01-25,157.0,33472.77,0.0,270.43,0.0,-3.19,-16.87,165.56
2000-01-26,153.0,33523.23,17.55,183.6,0.0,-4.77,-15.77,181.02
2000-01-27,162.0,33556.32,0.0,261.65,0.0,-3.93,-16.09,176.91
2000-01-28,170.0,33868.81,0.0,209.57,0.0,-12.31,-20.76,117.11
2000-01-29,153.0,33868.81,0.0,176.22,0.0,-15.04,-21.79,111.63
2000-01-30,148.0,34163.93,0.0,269.93,0.0,-5.27,-17.91,160.0
2000-01-31,141.0,34214.4,4.54,238.3,0.0,3.22,-14.77,200.0
2000-02-01,158.0,34309.69,9.52,118.33,0.0,-0.54,-6.4,367.38
2000-02-02,150.0,34559.99,0.0,290.91,0.0,-1.84,-14.51,200.26
2000-02-03,146.0,34565.07,0.0,157.87,0.0,-12.04,-17.41,160.0
2000-02-04,142.0,34905.6,0.0,339.24,0.0,-8.09,-25.26,78.17
2000-02-05,139.0,34905.6,0.0,355.05,0.0,-5.82,-26.52,79.96
2000-02-06,137.0,35250.53,0.0,362.14,0.0,-4.14,-26.58,71.6
2000-02-07,135.0,35251.18,0.0,315.08,0.0,-6.8,-20.76,116.43
2000-02-08,134.0,35587.64,0.0,351.23,0.0,-2.24,-20.48,120.1
2000-02-09,134.0,35596.84,0.0,318.04,0.0,-7.22,-21.26,111.76
2000-02-10,132.0,35891.94,0.0,279.9,0.0,-0.4,-11.76,251.26
2000-02-11,146.0,35942.39,8.84,208.91,0.0,-2.38,-13.71,217.69
2000-02-12,154.0,36170.77,3.75,249.09,0.0,-2.49,-16.87,160.0
2000-02-13,147.0,36288.03,0.0,378.21,0.0,-7.89,-27.49,74.61
2000-02-14,158.0,36516.33,15.7,301.84,0.0,-2.81,-27.07,70.62
2000-02-15,170.0,36633.59,17.08,111.08,0.0,-3.53,-8.63,317.76
2000-02-16,159.0,36861.95,0.0,307.29,0.0,-3.13,-14.79,198.91
2000-02-17,152.0,36979.21,3.56,291.42,0.0,-1.96,-17.33,160.0
2000-02-18,151.0,37274.36,0.0,353.13,0.0,-12.9,-27.33,78.64
2000-02-19,152.0,37324.82,5.2,315.98,0.0,-6.51,-27.46,66.64
2000-02-20,151.0,37661.16,1.09,302.67,0.0,-1.72,-12.41,236.41
2000-02-21,148.0,37670.37,0.0,339.11,0.0,-1.94,-14.39,200.0
2000-02-22,147.0,38015.39,0.0,381.79,0.0,-3.42,-18.57,143.05
2000-02-23,145.0,38016.04,0.0,367.64,0.0,1.05,-13.01,226.17
2000-02-24,160.0,38361.58,0.0,351.11,0.0,7.95,-5.06,423.12
2000-02-25,240.0,38361.58,0.0,343.36,0.0,8.85,-3.61,467.6
2000-02-26,270.0,38707.21,0.0,266.09,0.0,2.22,-6.42,379.72
2000-02-27,425.0,38707.21,0.0,203.89,0.0,2.84,-3.51,477.9
2000-02-28,474.0,39052.75,5.03,227.33,0.0,11.09,0.8,642.97
2000-02-29,920.0,39052.75,11.0,223.32,0.0,6.03,-3.71,469.5
2000-03-01,1010.0,39398.43,0.0,288.16,0.0,1.24,-7.56,353.14
2000-03-02,860.0,39431.55,2.6,328.93,0.0,6.49,-6.98,368.63
2000-03-03,775.0,39744.03,3.17,94.92,0.0,2.36,-1.11,565.48
2000-03-04,710.0,40039.16,0.16,166.15,0.0,1.48,-3.15,489.75
2000-03-05,640.0,40089.61,0.0,258.48,0.0,1.44,-5.81,399.14
2000-03-06,600.0,40435.2,0.0,222.51,0.0,1.34,-4.55,441.24
2000-03-07,590.0,40435.2,0.0,319.85,0.0,2.56,-6.06,392.61
2000-03-08,620.0,40780.8,0.0,453.15,0.0,8.12,-6.29,379.63
2000-03-09,630.0,40780.8,0.0,443.65,0.0,7.58,-5.71,403.42
2000-03-10,910.0,41126.41,2.74,391.85,0.0,12.02,-4.97,424.35
2000-03-11,1010.0,41126.41,0.0,284.27,0.0,-0.39,-7.3,352.36
2000-03-12,830.0,41472.0,17.01,144.92,0.0,-3.22,-7.57,352.38
2000-03-13,830.0,41808.4,9.33,313.38,0.0,0.25,-10.33,277.09
2000-03-14,680.0,41817.61,0.0,541.62,0.0,-3.08,-20.55,126.56
2000-03-15,660.0,42163.18,0.0,557.5,0.0,1.77,-17.38,160.61
2000-03-16,650.0,42163.18,0.0,498.0,0.0,8.95,-5.29,417.85
2000-03-17,790.0,42508.8,6.19,403.98,0.0,9.24,-7.95,335.05
2000-03-18,680.0,42508.8,0.0,482.71,0.0,-4.23,-16.61,169.98
2000-03-19,575.0,42854.38,0.0,549.9,0.0,-0.62,-17.06,164.19
2000-03-20,498.0,42854.38,0.0,574.86,0.0,3.92,-14.84,199.92
2000-03-21,445.0,43199.99,0.0,554.73,0.0,6.17,-10.44,280.23
2000-03-22,485.0,43545.62,0.0,565.02,0.0,10.06,-7.77,337.27
2000-03-23,640.0,43545.62,0.0,550.3,0.0,10.68,-5.79,406.5
2000-03-24,1230.0,43891.22,0.0,563.11,0.0,12.78,-4.63,437.8
2000-03-25,1670.0,43891.22,0.0,547.52,0.0,9.86,-5.99,394.13
2000-03-26,1870.0,44236.77,0.97,505.54,0.0,9.64,-3.97,461.42
2000-03-27,2100.0,44236.77,0.0,495.91,0.0,11.98,-1.06,568.2
2000-03-28,5270.0,44582.39,0.0,475.83,0.0,11.25,-1.02,569.73
2000-03-29,10600.0,44591.59,39.93,298.02,0.0,8.51,-0.91,571.83
2000-03-30,4990.0,44928.0,2.53,311.48,0.0,7.18,-0.89,574.36
2000-03-31,2840.0,45273.58,0.0,328.85,0.0,5.14,-2.22,518.34
2000-04-01,2010.0,45273.58,0.0,305.79,0.0,4.79,-1.84,536.44
2000-04-02,2210.0,45619.2,0.0,486.47,0.0,10.6,-1.35,559.28
2000-04-03,2660.0,45619.2,4.98,357.78,0.0,11.94,-0.07,609.49
2000-04-04,4680.0,45964.78,15.35,281.62,0.0,8.32,-0.25,608.71
2000-04-05,5050.0,45964.78,12.11,217.89,0.0,8.55,2.14,719.7
2000-04-06,2970.0,46310.4,0.0,320.79,0.0,3.92,-3.02,494.74
2000-04-07,2160.0,46319.61,1.82,327.91,0.0,5.35,-2.28,523.64
2000-04-08,1980.0,46655.98,5.86,237.15,0.0,5.95,-0.77,580.3
2000-04-09,8360.0,46968.5,21.67,362.04,0.0,12.02,0.74,640.11
2000-04-10,8320.0,47001.61,18.14,437.31,0.0,11.39,-4.57,443.07
2000-04-11,3620.0,47347.21,0.51,375.25,0.0,2.98,-5.2,414.41
2000-04-12,2270.0,47347.21,7.3,259.85,0.0,4.71,-2.48,510.86
2000-04-13,1660.0,47692.81,0.22,416.8,0.0,2.93,-5.71,401.06
2000-04-14,1350.0,47692.81,0.0,543.1,0.0,3.97,-8.3,326.17
2000-04-15,1170.0,48038.43,0.0,648.53,0.0,12.18,-6.92,369.36
2000-04-16,1500.0,48038.43,0.0,619.1,0.0,20.78,2.87,749.72
2000-04-17,1360.0,48383.99,0.0,574.56,0.0,9.44,-4.49,442.65
2000-04-18,1120.0,48384.63,0.0,526.55,0.0,6.54,-4.97,425.31
2000-04-19,989.0,48729.61,0.0,568.24,0.0,9.6,-3.74,471.05
2000-04-20,911.0,48738.8,0.0,289.54,0.0,6.11,0.77,654.59
2000-04-21,870.0,49075.17,0.0,499.01,0.0,12.37,2.19,717.33
2000-04-22,955.0,49125.64,11.86,289.57,0.0,6.48,-0.5,590.4
2000-04-23,3830.0,49420.8,30.2,103.45,0.0,1.37,-0.61,586.44
2000-04-24,11500.0,49538.05,30.99,185.82,0.0,3.53,-0.38,602.81
2000-04-25,5310.0,49766.37,1.4,413.67,0.0,4.3,-3.04,493.35
2000-04-26,2960.0,49883.64,0.0,548.59,0.0,7.63,-2.36,520.52
2000-04-27,1790.0,50112.02,0.77,593.58,0.0,9.58,-2.3,522.97
2000-04-28,1150.0,50229.28,0.73,357.4,0.0,4.21,-1.38,557.49
2000-04-29,1070.0,50457.61,0.0,572.73,0.0,8.06,-2.88,493.61
2000-04-30,1080.0,50508.05,0.62,684.89,0.0,18.04,-1.93,537.79
2000-05-01,983.0,50803.2,0.0,645.91,0.0,9.91,-4.84,431.89
2000-05-02,920.0,50812.41,1.94,651.45,0.0,14.01,-2.84,503.62
2000-05-03,855.0,51148.82,0.0,638.4,0.0,11.64,-3.13,487.35
2000-05-04,772.0,51149.46,0.0,678.95,0.0,15.9,-2.7,508.17
2000-05-05,811.0,51494.41,0.1,671.44,0.0,20.36,0.61,649.34
2000-05-06,888.0,51494.41,0.0,665.21,0.0,22.03,2.38,731.0
2000-05-07,757.0,51834.94,4.61,428.32,0.0,17.76,4.4,845.23
2000-05-08,1150.0,51840.02,5.25,473.69,0.0,26.36,7.31,1041.15
2000-05-09,1730.0,52028.15,18.48,380.5,0.0,21.28,9.43,1194.07
2000-05-10,3100.0,52185.6,21.58,315.05,0.0,10.41,1.95,704.45
2000-05-11,3190.0,52236.07,15.25,145.02,0.0,5.15,1.71,691.26
2000-05-12,2620.0,52531.21,4.66,306.17,0.0,9.75,1.62,692.55
2000-05-13,1600.0,52531.21,0.0,606.74,0.0,18.2,2.67,746.62
2000-05-14,2500.0,52843.69,14.01,255.07,0.0,12.26,5.46,900.29
2000-05-15,2020.0,52876.79,0.0,587.49,0.0,18.74,4.46,836.57
2000-05-16,1460.0,52927.26,0.0,569.4,0.0,13.4,0.15,617.43
2000-05-17,1160.0,53222.38,1.07,586.59,0.0,15.75,2.02,717.3
2000-05-18,994.0,53222.38,0.0,596.75,0.0,18.29,3.64,791.73
2000-05-19,1370.0,53410.52,11.08,444.53,0.0,15.27,1.04,660.59
2000-05-20,1070.0,53568.0,0.0,593.88,0.0,12.4,-2.08,526.45
2000-05-21,881.0,53568.0,0.0,613.27,0.0,17.66,1.29,679.62
2000-05-22,766.0,53756.18,0.0,406.68,0.0,14.81,6.11,946.31
2000-05-23,685.0,53913.64,0.0,434.83,0.0,16.47,6.78,987.01
2000-05-24,695.0,53913.64,4.48,273.55,0.0,13.53,6.17,941.88
2000-05-25,1090.0,54101.75,10.84,124.47,0.0,9.12,5.88,929.12
2000-05-26,1090.0,54259.19,4.83,274.55,0.0,13.76,5.86,937.66
2000-05-27,878.0,54259.19,0.0,378.29,0.0,14.64,6.47,980.03
2000-05-28,719.0,54309.67,0.0,348.91,0.0,12.4,4.92,878.66
2000-05-29,615.0,54571.76,0.0,361.29,0.0,13.16,5.15,884.67
2000-05-30,536.0,54604.85,0.0,550.0,0.0,16.31,2.38,731.95
2000-05-31,477.0,54604.85,0.0,579.09,0.0,20.24,4.32,840.12
2000-06-01,430.0,54655.29,0.0,542.85,0.0,22.04,7.76,1072.11
2000-06-02,380.0,54855.09,0.0,579.06,0.0,25.38,8.13,1095.15
2000-06-03,357.0,54950.4,0.24,500.25,0.0,20.52,8.16,1094.96
2000-06-04,329.0,54950.4,1.35,576.62,0.0,19.29,3.35,787.21
2000-06-05,347.0,54951.04,0.0,457.22,0.0,14.02,3.67,798.14
2000-06-06,335.0,55067.66,3.63,426.78,0.0,17.58,4.25,832.8
2000-06-07,326.0,55200.73,5.07,265.16,0.0,13.33,5.78,918.1
2000-06-08,324.0,55290.93,0.8,548.73,0.0,16.55,1.74,701.82
2000-06-09,297.0,55296.02,2.14,495.14,0.0,20.54,5.48,915.18
2000-06-10,275.0,55296.02,0.0,491.24,0.0,19.92,7.63,1063.72
2000-06-11,372.0,55296.02,16.67,281.74,0.0,13.32,5.14,881.05
2000-06-12,713.0,55305.22,7.67,138.49,0.0,7.78,4.26,831.34
2000-06-13,475.0,55346.46,0.0,468.12,0.0,15.57,4.58,850.48
2000-06-14,368.0,55413.27,0.0,539.81,0.0,18.27,4.15,831.35
2000-06-15,310.0,55484.16,0.0,430.23,0.0,17.81,7.99,1083.33
2000-06-16,287.0,55546.3,0.0,421.13,0.0,19.24,9.65,1217.53
2000-06-17,268.0,55546.3,0.0,517.96,0.0,28.43,13.61,1571.68
2000-06-18,248.0,55608.45,5.89,411.36,0.0,27.2,10.42,1273.84
2000-06-19,233.0,55608.45,1.43,438.54,0.0,21.74,10.73,1298.14
2000-06-20,217.0,55608.45,0.0,502.31,0.0,21.74,8.65,1135.22
2000-06-21,202.0,55608.45,0.0,539.33,0.0,24.81,9.06,1168.07
2000-06-22,201.0,55608.45,5.22,309.81,0.0,21.3,11.37,1360.97
2000-06-23,194.0,55608.45,1.52,443.34,0.0,26.71,13.99,1598.23
2000-06-24,183.0,55546.3,0.0,534.62,0.0,22.51,6.48,979.11
2000-06-25,174.0,55484.16,0.0,488.32,0.0,23.92,9.99,1244.09
2000-06-26,173.0,55413.27,5.16,356.03,0.0,25.22,13.27,1536.61
2000-06-27,184.0,55346.46,3.23,388.71,0.0,28.84,15.27,1739.81
2000-06-28,191.0,55305.22,7.44,342.37,0.0,25.28,11.71,1377.01
2000-06-29,166.0,55296.67,0.0,452.69,0.0,25.45,12.2,1423.18
2000-06-30,142.0,55296.02,8.85,327.36,0.0,24.82,12.34,1439.59
2000-07-01,286.0,55296.02,14.53,269.45,0.0,19.21,9.73,1218.57
2000-07-02,211.0,55296.02,0.0,451.65,0.0,24.13,11.06,1324.62
2000-07-03,149.0,55262.94,0.0,455.32,0.0,27.2,13.62,1561.34
2000-07-04,144.0,55138.57,8.92,154.79,0.0,20.97,16.04,1806.69
2000-07-05,141.0,54959.6,0.19,480.31,0.0,24.93,10.54,1282.91
2000-07-06,114.0,54950.4,0.0,337.48,0.0,17.75,9.39,1191.9
2000-07-07,99.0,54950.4,0.0,455.07,0.0,21.65,8.93,1156.16
2000-07-08,90.0,54945.33,0.0,432.95,0.0,19.87,8.18,1097.42
2000-07-09,90.0,54792.97,2.81,385.38,0.0,21.13,6.95,995.68
2000-07-10,94.0,54614.05,2.95,370.83,0.0,21.86,9.2,1182.83
2000-07-11,90.0,54604.85,2.51,372.48,0.0,22.76,10.95,1316.3
2000-07-12,85.0,54604.85,0.03,358.37,0.0,20.13,10.45,1276.26
2000-07-13,78.0,54447.39,0.0,499.45,0.0,25.15,8.77,1146.06
2000-07-14,73.0,54259.84,0.0,486.72,0.0,26.57,10.55,1284.42
2000-07-15,108.0,54259.19,5.78,342.21,0.0,25.63,11.13,1334.12
2000-07-16,1310.0,54226.06,11.09,253.84,0.0,21.67,12.44,1446.24
2000-07-17,5580.0,53922.84,50.68,187.27,0.0,17.46,11.1,1328.18
2000-07-18,1970.0,53913.64,5.02,325.97,0.0,22.24,11.07,1333.5
2000-07-19,1610.0,53908.55,9.32,315.31,0.0,23.14,11.07,1325.3
2000-07-20,983.0,53618.48,0.0,448.02,0.0,17.87,4.97,878.2
2000-07-21,495.0,53568.0,0.0,495.49,0.0,21.47,5.78,925.51
2000-07-22,447.0,53562.93,5.27,351.9,0.0,22.58,7.91,1085.24
2000-07-23,795.0,53231.59,7.86,325.07,0.0,21.36,8.69,1137.12
2000-07-24,536.0,53222.38,0.0,403.55,0.0,21.5,9.85,1228.02
2000-07-25,387.0,53127.1,0.0,466.81,0.0,25.17,10.32,1268.12
2000-07-26,299.0,52876.79,0.0,478.27,0.0,25.73,9.9,1232.32
2000-07-27,258.0,52876.79,0.08,443.97,0.0,24.41,10.3,1268.18
2000-07-28,253.0,52581.65,1.16,195.02,0.0,17.69,12.48,1454.58
2000-07-29,244.0,52531.21,0.0,384.32,0.0,24.87,13.79,1583.37
2000-07-30,316.0,52498.07,2.01,334.63,0.0,25.47,15.2,1726.21
2000-07-31,254.0,52185.6,0.0,398.56,0.0,23.3,11.85,1397.65
2000-08-01,216.0,52185.6,0.0,407.55,0.0,22.86,11.06,1325.06
2000-08-02,223.0,51840.66,0.0,305.36,0.0,20.96,12.92,1493.69
2000-08-03,231.0,51840.02,0.0,334.1,0.0,23.73,14.5,1660.49
2000-08-04,238.0,51611.68,7.92,337.76,0.0,27.62,13.71,1573.38
2000-08-05,217.0,51494.41,0.0,431.81,0.0,23.11,9.99,1239.12
2000-08-06,197.0,51399.12,0.0,391.18,0.0,20.61,9.17,1173.41
2000-08-07,186.0,51148.82,2.38,384.86,0.0,23.96,10.87,1314.04
2000-08-08,190.0,51115.67,4.02,223.3,0.0,21.81,14.22,1629.74
2000-08-09,194.0,50803.2,0.0,411.78,0.0,25.44,12.85,1488.89
2000-08-10,207.0,50798.11,5.79,272.78,0.0,24.62,14.04,1608.87
2000-08-11,197.0,50457.61,0.0,397.98,0.0,22.98,11.07,1325.58
2000-08-12,175.0,50457.61,0.0,436.52,0.0,24.92,10.93,1314.19
2000-08-13,159.0,50112.02,0.0,430.75,0.0,23.99,10.49,1279.43
2000-08-14,155.0,50112.02,4.43,330.72,0.0,21.21,11.04,1329.71
2000-08-15,226.0,49766.37,14.98,200.24,0.0,20.69,13.63,1565.01
2000-08-16,239.0,49766.37,0.67,287.26,0.0,23.57,15.43,1754.78
2000-08-17,177.0,49420.8,5.83,285.13,0.0,22.99,11.82,1385.4
2000-08-18,144.0,49420.8,0.01,310.03,0.0,16.51,8.21,1096.54
2000-08-19,170.0,49075.17,0.03,387.29,0.0,20.67,9.55,1203.8
2000-08-20,161.0,49075.17,2.05,355.41,0.0,19.78,9.51,1200.69
2000-08-21,158.0,48729.61,2.27,263.59,0.0,15.43,7.87,1075.87
2000-08-22,139.0,48729.61,0.0,446.48,0.0,20.95,6.54,963.15
2000-08-23,122.0,48383.99,3.48,358.27,0.0,22.43,6.49,982.34
2000-08-24,127.0,48378.89,5.46,246.53,0.0,20.13,11.12,1329.33
2000-08-25,158.0,48038.43,0.03,382.51,0.0,21.57,10.14,1251.39
2000-08-26,125.0,47881.02,0.0,423.48,0.0,24.44,10.84,1307.35
2000-08-27,106.0,47692.81,0.0,431.77,0.0,26.57,11.33,1353.84
2000-08-28,95.0,47397.64,0.0,460.47,0.0,23.43,6.4,973.54
2000-08-29,89.0,47347.21,0.0,451.9,0.0,21.55,5.4,899.32
2000-08-30,82.0,47001.61,0.0,456.92,0.0,24.08,6.38,976.1
2000-08-31,79.0,47001.61,0.0,392.81,0.0,25.9,12.39,1445.92
2000-09-01,77.0,46655.98,0.0,390.13,0.0,27.67,13.64,1575.7
2000-09-02,75.0,46655.98,11.35,309.1,0.0,28.67,12.51,1444.57
2000-09-03,84.0,46310.4,9.51,77.45,0.0,14.14,11.94,1394.9
2000-09-04,119.0,46310.4,8.76,238.53,0.0,20.48,10.78,1302.27
2000-09-05,117.0,45964.78,0.0,409.43,0.0,15.86,2.18,717.51
2000-09-06,98.0,45931.68,0.0,409.28,0.0,14.56,0.51,628.85
2000-09-07,81.0,45619.2,0.0,445.23,0.0,18.28,0.61,646.94
2000-09-08,74.0,45273.58,0.0,423.7,0.0,21.75,5.05,879.47
2000-09-09,70.0,45273.58,0.0,413.17,0.0,24.68,7.73,1068.09
2000-09-10,65.0,44928.0,0.0,414.03,0.0,22.52,5.62,909.93
2000-09-11,62.0,44928.0,0.0,410.11,0.0,23.13,6.16,946.29
2000-09-12,61.0,44582.39,0.0,388.7,0.0,23.08,7.23,1034.01
2000-09-13,64.0,44582.39,4.0,149.97,0.0,19.97,13.35,1535.14
2000-09-14,65.0,44236.77,0.0,365.44,0.0,19.78,5.89,929.82
2000-09-15,68.0,44236.77,0.0,365.55,0.0,21.33,6.62,988.33
2000-09-16,114.0,43891.22,13.42,180.77,0.0,16.04,7.89,1071.37
2000-09-17,141.0,43545.62,1.88,219.82,0.0,13.14,5.21,895.72
2000-09-18,96.0,43545.62,2.89,201.65,0.0,14.78,7.1,1013.68
2000-09-19,83.0,43199.99,0.0,324.91,0.0,18.25,6.01,939.8
2000-09-20,76.0,43199.99,0.0,358.56,0.0,21.69,6.61,990.86
2000-09-21,73.0,42854.38,0.0,288.65,0.0,24.33,12.93,1486.62
2000-09-22,68.0,42854.38,1.86,251.48,0.0,19.79,8.92,1153.92
2000-09-23,65.0,42508.8,0.19,251.65,0.0,14.93,5.96,932.14
2000-09-24,67.0,42168.24,3.37,188.66,0.0,15.34,6.47,968.54
2000-09-25,71.0,42163.18,0.25,357.07,0.0,15.91,0.88,651.96
2000-09-26,69.0,41817.61,0.0,316.81,0.0,11.95,-0.19,601.94
2000-09-27,65.0,41817.61,0.0,341.06,0.0,13.25,-0.75,577.2
2000-09-28,65.0,41472.0,2.54,317.59,0.0,17.69,0.9,641.57
2000-09-29,62.0,41472.0,0.0,315.88,0.0,7.64,-4.49,441.99
2000-09-30,60.0,41126.41,0.0,361.46,0.0,11.51,-4.49,444.3
2000-10-01,60.0,41126.41,0.0,373.64,0.0,18.83,-0.26,599.57
2000-10-02,59.0,40780.8,0.0,353.97,0.0,21.31,3.68,793.27
2000-10-03,59.0,40468.26,0.0,323.78,0.0,18.57,3.57,797.89
2000-10-04,59.0,40435.2,0.23,338.27,0.0,21.57,4.16,830.65
2000-10-05,59.0,40089.61,2.85,191.54,0.0,12.87,3.48,794.42
2000-10-06,100.0,40089.61,18.51,138.19,0.0,12.38,5.11,886.58
2000-10-07,347.0,39744.03,6.28,60.57,0.0,7.04,4.63,852.66
2000-10-08,227.0,39744.03,4.9,182.51,0.0,10.24,0.63,633.54
2000-10-09,192.0,39398.43,1.52,284.4,0.0,7.62,-4.09,458.07
2000-10-10,187.0,39398.43,12.46,157.15,0.0,4.26,-3.33,484.83
2000-10-11,194.0,39052.75,1.32,125.71,0.0,3.75,-0.77,582.35
2000-10-12,180.0,39002.29,0.0,270.04,0.0,10.85,-0.0,609.35
2000-10-13,181.0,38707.21,0.0,323.6,0.0,17.32,1.2,667.58
2000-10-14,172.0,38519.06,0.0,313.46,0.0,19.51,3.88,814.3
2000-10-15,154.0,38361.58,0.0,293.08,0.0,21.71,7.3,1024.82
2000-10-16,139.0,38049.09,0.0,322.55,0.0,12.4,-4.53,438.5
2000-10-17,132.0,38016.04,0.0,220.82,0.0,4.47,-4.49,444.37
2000-10-18,140.0,37670.37,0.0,212.83,0.0,10.06,0.9,660.72
2000-10-19,315.0,37670.37,15.68,77.23,0.0,7.84,3.98,814.67
2000-10-20,320.0,37324.82,0.0,222.7,0.0,10.83,1.13,663.8
2000-10-21,251.0,37324.82,0.0,285.95,0.0,15.97,0.65,635.03
2000-10-22,206.0,36979.21,0.0,294.57,0.0,18.04,0.75,640.25
2000-10-23,175.0,36979.21,0.0,264.5,0.0,8.17,-5.22,413.9
2000-10-24,162.0,36633.59,0.0,286.89,0.0,11.47,-5.18,420.43
2000-10-25,156.0,36633.59,0.0,265.91,0.0,14.43,-0.51,590.82
2000-10-26,152.0,36288.03,0.0,272.41,0.0,17.41,0.66,633.56
2000-10-27,147.0,36288.03,0.0,275.47,0.0,19.05,0.98,660.08
2000-10-28,142.0,35942.39,0.0,255.33,0.0,17.27,1.92,706.12
2000-10-29,136.0,35942.39,4.99,105.31,0.0,2.77,-3.69,466.12
2000-10-30,153.0,35601.92,11.44,72.21,0.0,-0.21,-4.32,450.9
2000-10-31,277.0,35596.84,12.74,74.52,0.0,3.24,-0.9,578.38
2000-11-01,350.0,35284.34,0.01,64.27,0.0,3.64,1.26,669.97
2000-11-02,308.0,35251.18,0.0,160.72,0.0,8.06,1.06,668.05
2000-11-03,319.0,35063.02,0.0,256.58,0.0,12.88,-1.63,545.85
2000-11-04,281.0,34905.6,0.0,261.45,0.0,14.02,-2.23,524.33
2000-11-05,256.0,34788.34,0.95,208.19,0.0,12.08,-0.6,593.02
2000-11-06,287.0,34559.99,2.1,86.05,0.0,5.62,1.49,679.22
2000-11-07,262.0,34559.35,1.67,110.28,0.0,5.28,0.06,620.99
2000-11-08,240.0,34214.4,0.0,103.16,0.0,8.41,3.62,799.41
2000-11-09,248.0,34214.4,0.2,144.9,0.0,11.33,4.11,825.45
2000-11-10,250.0,33901.92,4.96,83.92,0.0,8.13,3.09,763.89
2000-11-11,349.0,33868.81,11.53,47.99,0.0,5.13,2.57,734.97
2000-11-12,523.0,33818.36,0.0,147.03,0.0,10.69,3.53,799.02
2000-11-13,368.0,33523.23,0.0,111.02,0.0,6.63,1.59,685.19
2000-11-14,313.0,33523.23,12.15,75.48,0.0,5.86,1.87,705.21
2000-11-15,1240.0,33272.91,23.23,98.96,0.0,6.35,0.46,635.05
2000-11-16,1090.0,33177.61,0.0,71.75,0.0,2.4,-0.55,592.67
2000-11-17,808.0,33168.4,0.0,103.91,0.0,2.97,-1.34,560.03
2000-11-18,556.0,32837.07,0.71,195.6,0.0,6.21,-4.0,453.64
2000-11-19,509.0,32832.0,0.0,160.04,0.0,-0.67,-8.4,319.53
2000-11-20,416.0,32781.54,0.0,191.09,0.0,1.78,-7.98,336.4
2000-11-21,393.0,32491.47,3.99,112.1,0.0,1.81,-4.79,430.99
2000-11-22,349.0,32486.39,0.01,153.84,0.0,1.86,-4.91,439.11
2000-11-23,296.0,32477.18,0.0,166.39,0.0,-0.91,-8.2,327.01
2000-11-24,227.0,32173.93,0.0,189.62,0.0,-4.86,-13.8,201.93
2000-11-25,193.0,32140.81,0.0,192.39,0.0,-6.56,-16.32,164.04
2000-11-26,195.0,32140.17,0.0,187.59,0.0,-3.22,-12.36,240.0
2000-11-27,321.0,31952.65,17.0,170.24,0.0,1.02,-10.1,289.34
2000-11-28,578.0,31795.19,0.02,93.54,0.0,2.74,-0.49,599.84
2000-11-29,553.0,31795.19,0.51,95.09,0.0,2.67,-0.67,587.37
2000-11-30,506.0,31785.99,0.0,137.24,0.0,3.79,-1.37,556.95
2000-12-01,410.0,31607.04,0.0,127.39,0.0,1.36,-3.42,480.0
2000-12-02,350.0,31454.68,0.0,191.26,0.0,-0.67,-9.01,306.36
2000-12-03,282.0,31449.61,0.0,142.76,0.0,-6.05,-11.54,241.55
2000-12-04,240.0,31449.61,0.0,207.59,0.0,-1.46,-11.5,257.9
2000-12-05,220.0,31440.4,0.0,228.5,0.0,0.95,-13.28,220.82
2000-12-06,200.0,31261.45,0.0,225.71,0.0,1.84,-12.88,229.57
2000-12-07,180.0,31137.12,0.0,144.4,0.0,-7.66,-13.48,214.89
2000-12-08,160.0,31104.01,0.0,224.61,0.0,-5.43,-19.92,125.1
2000-12-09,142.0,31104.01,0.0,185.7,0.0,-12.97,-21.72,118.13
2000-12-10,128.0,31104.01,0.0,167.92,0.0,-11.58,-19.45,121.07
2000-12-11,126.0,31103.37,0.0,220.81,0.0,-4.1,-18.99,141.25
2000-12-12,129.0,31094.8,7.79,96.6,0.0,0.84,-4.98,439.07
2000-12-13,230.0,31053.55,8.4,169.07,0.0,5.05,-17.51,159.79
2000-12-14,278.0,30986.76,6.02,129.15,0.0,-8.4,-16.91,167.53
2000-12-15,259.0,30915.86,9.79,117.29,0.0,-4.42,-11.94,240.0
2000-12-16,250.0,30853.71,0.0,208.6,0.0,-5.01,-18.05,149.4
2000-12-17,469.0,30791.53,16.68,159.43,0.0,1.6,-12.7,234.42
2000-12-18,8750.0,30791.53,45.16,164.36,0.0,11.87,-5.77,405.3
2000-12-19,3440.0,30791.53,0.01,191.59,0.0,-1.4,-12.3,241.19
2000-12-20,1940.0,30791.53,12.49,118.43,0.0,-4.01,-12.02,246.57
2000-12-21,1280.0,30791.53,5.38,126.39,0.0,-5.24,-13.82,209.53
2000-12-22,1010.0,30791.53,0.0,198.72,0.0,-6.05,-17.37,159.89
2000-12-23,862.0,30853.71,0.0,204.85,0.0,-5.14,-17.92,153.83
2000-12-24,783.0,30853.71,0.0,195.42,0.0,-8.21,-19.23,133.61
2000-12-25,735.0,30915.86,0.0,185.72,0.0,-8.67,-18.74,139.87
2000-12-26,696.0,30986.76,0.0,169.54,0.0,-11.93,-20.64,119.96
2000-12-27,653.0,31053.55,0.0,163.35,0.0,-11.31,-19.48,134.4
2000-12-28,622.0,31094.8,0.0,126.74,0.0,-9.02,-15.07,193.33
2000-12-29,589.0,31104.01,0.81,127.67,0.0,-8.63,-14.8,197.05
2000-12-30,593.0,31104.01,0.0,113.76,0.0,-4.05,-9.54,281.36
2000-12-31,608.0,31104.01,0.4,120.72,0.0,-6.34,-12.17,239.2
2001-01-01,577.0,31104.01,5.39,85.15,0.0,-1.95,-8.47,320.75
2001-01-02,541.0,31109.09,0.0,135.67,0.0,-6.28,-15.1,192.17
2001-01-03,502.0,31199.31,0.0,122.5,0.0,-8.42,-16.3,161.64
2001-01-04,461.0,31332.34,0.0,158.75,0.0,-6.52,-16.99,158.72
2001-01-05,432.0,31448.96,0.0,205.37,0.0,-5.46,-21.0,120.0
2001-01-06,414.0,31449.61,6.31,147.47,0.0,-7.07,-21.18,116.66
2001-01-07,388.0,31449.61,2.16,88.44,0.0,-3.87,-9.6,286.13
2001-01-08,349.0,31544.91,0.0,204.34,0.0,-3.01,-17.69,157.39
2001-01-09,334.0,31744.75,0.0,186.82,0.0,-2.85,-15.33,187.11
2001-01-10,307.0,31795.19,0.0,183.88,0.0,-5.53,-17.45,158.33
2001-01-11,278.0,31795.19,0.0,177.63,0.0,-9.24,-20.8,120.0
2001-01-12,275.0,31828.31,0.0,203.18,0.0,-3.4,-17.07,160.0
2001-01-13,270.0,32090.35,0.0,202.8,0.0,-7.96,-21.67,120.0
2001-01-14,264.0,32140.81,0.0,237.19,0.0,-2.38,-21.23,117.71
2001-01-15,261.0,32140.81,0.0,221.93,0.0,-1.1,-16.57,164.69
2001-01-16,279.0,32298.24,4.68,98.51,0.0,-7.98,-15.25,191.26
2001-01-17,279.0,32486.39,0.79,149.78,0.0,-1.0,-9.47,288.49
2001-01-18,264.0,32486.39,0.0,248.12,0.0,-6.29,-24.92,80.0
2001-01-19,256.0,32643.84,0.0,247.2,0.0,-7.35,-25.12,83.45
2001-01-20,250.0,32832.0,1.7,186.2,0.0,-2.78,-13.96,200.76
2001-01-21,245.0,32832.0,0.0,210.51,0.0,-6.45,-19.07,138.77
2001-01-22,240.0,32989.45,0.0,182.78,0.0,-8.57,-18.78,138.34
2001-01-23,230.0,33177.61,0.0,246.59,0.0,-5.65,-21.96,118.77
2001-01-24,225.0,33177.61,0.0,273.45,0.0,-1.05,-22.21,105.34
2001-01-25,213.0,33472.77,0.0,220.82,0.0,0.14,-12.5,239.81
2001-01-26,208.0,33523.23,0.0,257.74,0.0,-1.65,-18.23,160.0
2001-01-27,206.0,33556.32,0.0,258.35,0.0,-2.74,-18.79,142.97
2001-01-28,202.0,33868.81,0.0,214.53,0.0,-1.93,-13.38,221.8
2001-01-29,200.0,33868.81,0.0,256.9,0.0,-5.53,-20.97,120.0
2001-01-30,195.0,34163.93,0.0,276.87,0.0,-3.72,-21.27,113.01
2001-01-31,211.0,34214.4,12.91,176.78,0.0,-3.29,-16.14,174.99
2001-02-01,218.0,34309.69,5.54,73.45,0.0,-5.04,-9.35,291.4
2001-02-02,204.0,34559.99,1.75,215.22,0.0,-3.23,-14.16,200.46
2001-02-03,191.0,34565.07,3.45,162.85,0.0,-3.27,-13.7,205.79
2001-02-04,187.0,34905.6,0.0,286.88,0.0,-6.71,-22.99,82.37
2001-02-05,183.0,34905.6,0.0,294.11,0.0,-6.1,-22.67,101.07
2001-02-06,181.0,35250.53,24.28,134.78,0.0,-4.11,-11.97,248.75
2001-02-07,185.0,35251.18,0.03,118.21,0.0,-2.44,-7.25,355.99
2001-02-08,191.0,35587.64,0.0,206.09,0.0,-2.78,-11.64,243.83
2001-02-09,191.0,35596.84,0.0,304.67,0.0,-3.04,-18.27,147.3
2001-02-10,209.0,35891.94,8.38,247.84,0.0,4.39,-14.16,201.95
2001-02-11,230.0,35942.39,0.0,361.74,0.0,6.6,-19.67,132.31
2001-02-12,238.0,36170.77,0.0,201.89,0.0,-13.88,-22.16,107.39
2001-02-13,225.0,36288.03,0.0,315.59,0.0,-6.88,-21.73,109.64
2001-02-14,211.0,36516.33,0.0,336.24,0.0,-2.34,-19.09,139.37
2001-02-15,204.0,36633.59,7.12,238.81,0.0,-1.94,-16.91,170.49
2001-02-16,199.0,36861.95,0.0,361.86,0.0,-2.07,-21.63,120.0
2001-02-17,197.0,36979.21,0.0,372.0,0.0,-1.37,-22.23,104.28
2001-02-18,191.0,37274.36,0.0,373.13,0.0,-1.48,-21.66,118.89
2001-02-19,187.0,37324.82,0.0,319.3,0.0,-8.71,-22.85,105.31
2001-02-20,185.0,37661.16,0.0,303.04,0.0,-1.85,-14.84,191.2
2001-02-21,181.0,37670.37,0.0,234.84,0.0,5.01,-4.3,440.25
2001-02-22,179.0,38015.39,0.0,377.3,0.0,-2.75,-21.26,119.66
2001-02-23,175.0,38016.04,1.92,251.72,0.0,-12.23,-21.54,109.71
2001-02-24,171.0,38361.58,1.09,307.1,0.0,-4.33,-16.26,163.37
2001-02-25,173.0,38361.58,0.0,318.59,0.0,-7.63,-20.12,120.0
2001-02-26,183.0,38707.21,8.8,273.53,0.0,-1.32,-16.38,175.38
2001-02-27,191.0,38707.21,0.0,354.52,0.0,1.79,-12.32,240.0
2001-02-28,179.0,39052.75,0.0,389.33,0.0,-3.1,-19.38,120.76
2001-03-01,169.0,39052.75,0.0,382.81,0.0,-9.87,-25.13,78.37
2001-03-02,162.0,39398.43,0.0,378.83,0.0,-12.31,-27.26,78.17
2001-03-03,157.0,39431.55,0.19,409.96,0.0,-9.63,-26.97,75.81
2001-03-04,150.0,39744.03,0.0,432.44,0.0,-6.17,-25.94,79.96
2001-03-05,150.0,40039.16,0.0,450.3,0.0,-1.2,-24.18,92.77
2001-03-06,152.0,40089.61,5.12,207.37,0.0,-2.34,-11.44,259.09
2001-03-07,157.0,40435.2,4.35,118.09,0.0,-2.27,-7.04,360.0
2001-03-08,157.0,40435.2,0.0,443.94,0.0,0.89,-18.41,150.5
2001-03-09,152.0,40780.8,0.0,467.11,0.0,4.13,-18.8,141.63
2001-03-10,150.0,40780.8,3.85,193.56,0.0,1.75,-6.42,381.8
2001-03-11,149.0,41126.41,0.59,215.18,0.0,2.24,-4.89,428.28
2001-03-12,144.0,41126.41,1.69,362.93,0.0,1.83,-12.76,232.24
2001-03-13,144.0,41472.0,4.76,281.26,0.0,-0.52,-12.6,235.63
2001-03-14,149.0,41808.4,14.29,177.52,0.0,-1.58,-8.68,318.16
2001-03-15,152.0,41817.61,0.18,217.11,0.0,2.34,-4.12,452.22
2001-03-16,155.0,42163.18,0.0,351.05,0.0,2.08,-8.72,320.25
2001-03-17,161.0,42163.18,0.0,400.59,0.0,1.56,-11.12,260.74
2001-03-18,170.0,42508.8,0.0,442.75,0.0,5.58,-9.33,305.5
2001-03-19,186.0,42508.8,0.0,325.57,0.0,3.52,-5.62,409.54
2001-03-20,221.0,42854.38,0.0,383.03,0.0,5.54,-5.53,410.24
2001-03-21,278.0,42854.38,0.0,509.4,0.0,9.86,-8.56,320.31
2001-03-22,377.0,43199.99,0.63,454.86,0.0,7.67,-7.33,358.65
2001-03-23,528.0,43545.62,33.86,156.41,0.0,2.55,-2.77,498.72
2001-03-24,636.0,43545.62,3.21,130.3,0.0,0.37,-3.13,487.81
2001-03-25,583.0,43891.22,0.0,384.15,0.0,2.63,-7.43,346.24
2001-03-26,479.0,43891.22,0.0,522.63,0.0,-0.65,-17.35,161.75
2001-03-27,411.0,44236.77,0.0,520.63,0.0,0.49,-16.31,176.16
2001-03-28,381.0,44236.77,0.0,383.06,0.0,-1.9,-11.63,255.9
2001-03-29,369.0,44582.39,0.0,493.49,0.0,1.21,-12.98,228.84
2001-03-30,369.0,44591.59,0.0,501.66,0.0,3.93,-10.94,270.22
2001-03-31,398.0,44928.0,29.14,190.13,0.0,0.33,-5.51,410.28
2001-04-01,429.0,45273.58,0.0,209.14,0.0,-0.78,-5.3,414.54
2001-04-02,393.0,45273.58,0.0,207.95,0.0,-1.17,-5.43,410.1
2001-04-03,377.0,45619.2,0.0,349.59,0.0,1.16,-6.24,388.46
2001-04-04,373.0,45619.2,0.0,419.3,0.0,2.78,-6.16,388.28
2001-04-05,425.0,45964.78,0.0,564.82,0.0,8.42,-7.01,364.84
2001-04-06,552.0,45964.78,0.0,570.07,0.0,8.0,-8.05,333.24
2001-04-07,709.0,46310.4,0.0,565.61,0.0,7.23,-7.99,340.44
2001-04-08,892.0,46319.61,0.0,522.34,0.0,7.56,-4.96,425.82
2001-04-09,1020.0,46655.98,1.86,185.15,0.0,1.22,-2.16,525.35
2001-04-10,1290.0,46968.5,0.0,336.84,0.0,7.31,0.59,640.0
2001-04-11,1880.0,47001.61,0.0,569.99,0.0,8.25,-6.28,379.42
2001-04-12,2610.0,47347.21,0.0,615.68,0.0,13.27,-5.83,386.27
2001-04-13,2960.0,47347.21,13.61,218.88,0.0,4.32,-1.29,559.97
2001-04-14,2930.0,47692.81,5.12,383.06,0.0,8.04,-2.36,518.51
2001-04-15,2480.0,47692.81,0.0,377.57,0.0,4.22,-3.31,478.83
2001-04-16,2300.0,48038.43,0.0,546.92,0.0,8.17,-4.58,438.55
2001-04-17,2560.0,48038.43,0.0,579.74,0.0,9.73,-4.66,433.42
2001-04-18,2620.0,48383.99,0.0,571.84,0.0,9.52,-4.47,439.95
2001-04-19,1970.0,48384.63,0.0,450.99,0.0,4.22,-4.98,423.12
2001-04-20,1760.0,48729.61,0.0,561.39,0.0,5.43,-7.56,342.47
2001-04-21,2350.0,48738.8,0.0,632.95,0.0,11.23,-6.84,358.88
2001-04-22,4300.0,49075.17,0.0,634.05,0.0,16.11,-3.2,454.32
2001-04-23,6830.0,49125.64,0.0,601.64,0.0,17.86,0.65,596.36
2001-04-24,7270.0,49420.8,0.0,608.72,0.0,19.29,1.29,617.88
2001-04-25,7590.0,49538.05,1.58,624.54,0.0,24.08,0.57,560.18
2001-04-26,4210.0,49766.37,0.0,573.81,0.0,9.29,-5.44,405.7
2001-04-27,3170.0,49883.64,0.0,623.5,0.0,13.52,-5.04,404.03
2001-04-28,2890.0,50112.02,0.0,606.24,0.0,15.09,-2.29,491.71
2001-04-29,2320.0,50229.28,0.0,473.24,0.0,8.28,-2.93,485.75
2001-04-30,2020.0,50457.61,0.0,520.16,0.0,11.1,-1.69,539.49
2001-05-01,2250.0,50508.05,0.0,492.24,0.0,14.64,2.34,711.17
2001-05-02,3030.0,50803.2,0.0,630.75,0.0,24.63,2.7,621.17
2001-05-03,3250.0,50812.41,0.0,635.92,0.0,28.85,4.44,669.09
2001-05-04,2870.0,51148.82,0.0,587.27,0.0,29.19,8.97,941.45
2001-05-05,2070.0,51149.46,0.88,527.9,0.0,23.05,7.44,908.72
2001-05-06,1450.0,51494.41,0.0,509.27,0.0,11.37,-2.4,503.3
2001-05-07,1110.0,51494.41,0.0,588.2,0.0,15.66,-2.57,453.12
2001-05-08,940.0,51834.94,0.0,634.06,0.0,21.07,-1.67,412.25
2001-05-09,790.0,51840.02,0.0,634.65,0.0,24.3,0.09,451.19
2001-05-10,770.0,52028.15,0.0,606.39,0.0,23.73,1.94,531.84
2001-05-11,750.0,52185.6,0.0,574.56,0.0,24.67,4.89,663.37
2001-05-12,647.0,52236.07,0.0,578.01,0.0,27.43,6.71,715.14
2001-05-13,912.0,52531.21,8.87,406.4,0.0,24.11,5.39,799.41
2001-05-14,670.0,52531.21,0.0,429.09,0.0,13.02,0.19,586.24
2001-05-15,519.0,52843.69,0.57,445.09,0.0,15.98,1.77,661.41
2001-05-16,568.0,52876.79,6.88,175.55,0.0,10.66,4.22,832.08
2001-05-17,613.0,52927.26,0.0,203.01,0.0,10.41,5.0,880.24
2001-05-18,508.0,53222.38,0.0,423.96,0.0,15.34,2.7,701.01
2001-05-19,732.0,53222.38,14.23,291.69,0.0,16.59,5.01,879.56
2001-05-20,1020.0,53410.52,4.66,273.19,0.0,12.73,2.0,710.98
2001-05-21,715.0,53568.0,0.0,530.12,0.0,21.57,3.55,684.42
2001-05-22,564.0,53568.0,0.0,505.87,0.0,21.35,4.56,746.98
2001-05-23,483.0,53756.18,0.0,478.98,0.0,20.51,4.9,788.66
2001-05-24,418.0,53913.64,0.0,503.1,0.0,20.89,3.96,721.01
2001-05-25,359.0,53913.64,0.0,527.28,0.0,22.37,3.84,688.25
2001-05-26,318.0,54101.75,0.0,513.87,0.0,22.53,4.56,727.96
2001-05-27,291.0,54259.19,5.75,343.76,0.0,22.92,7.51,1032.65
2001-05-28,375.0,54259.19,13.91,147.48,0.0,14.52,8.92,1153.9
2001-05-29,961.0,54309.67,11.32,205.76,0.0,16.05,8.5,1120.12
2001-05-30,719.0,54571.76,0.5,383.67,0.0,18.3,6.33,947.22
2001-05-31,513.0,54604.85,0.0,329.99,0.0,11.71,2.32,728.48
2001-06-01,409.0,54604.85,0.0,312.61,0.0,12.5,3.51,796.95
2001-06-02,420.0,54655.29,15.0,355.28,0.0,20.15,5.03,884.02
2001-06-03,2340.0,54855.09,34.33,79.3,0.0,9.77,7.52,1045.13
2001-06-04,3260.0,54950.4,14.99,192.49,0.0,14.17,7.53,1056.55
2001-06-05,2380.0,54950.4,3.84,180.48,0.0,16.53,10.36,1269.02
2001-06-06,1500.0,54951.04,0.0,279.74,0.0,18.0,10.65,1292.2
2001-06-07,844.0,55067.66,0.0,364.51,0.0,17.96,8.05,1084.16
2001-06-08,821.0,55200.73,0.0,531.78,0.0,22.41,4.96,862.13
2001-06-09,468.0,55290.93,0.0,534.36,0.0,22.62,4.99,854.25
2001-06-10,400.0,55296.02,0.79,478.66,0.0,22.23,8.22,1091.95
2001-06-11,401.0,55296.02,0.87,466.5,0.0,23.12,8.19,1089.57
2001-06-12,385.0,55296.02,8.63,335.19,0.0,23.34,10.78,1302.1
2001-06-13,439.0,55305.22,0.2,258.98,0.0,18.14,11.8,1384.08
2001-06-14,361.0,55346.46,0.0,479.8,0.0,27.07,12.42,1397.24
2001-06-15,298.0,55413.27,0.0,488.91,0.0,29.91,13.71,1506.15
2001-06-16,244.0,55484.16,0.0,489.66,0.0,32.9,15.35,1644.49
2001-06-17,241.0,55546.3,0.0,434.66,0.0,30.6,16.6,1866.71
2001-06-18,397.0,55546.3,16.74,305.9,0.0,24.1,12.39,1441.49
2001-06-19,299.0,55608.45,0.0,459.64,0.0,23.59,9.47,1186.96
2001-06-20,239.0,55608.45,0.0,501.67,0.0,29.21,11.23,1307.29
2001-06-21,204.0,55608.45,0.0,495.67,0.0,25.22,8.84,1135.74
2001-06-22,188.0,55608.45,0.0,450.19,0.0,24.08,10.27,1240.76
2001-06-23,185.0,55608.45,0.0,283.47,0.0,20.61,13.35,1544.78
2001-06-24,267.0,55608.45,11.22,187.09,0.0,23.49,17.14,1947.73
2001-06-25,351.0,55546.3,17.28,292.98,0.0,23.81,13.35,1547.49
2001-06-26,264.0,55484.16,0.0,481.58,0.0,28.64,13.32,1485.54
2001-06-27,207.0,55413.27,0.0,462.7,0.0,30.13,15.22,1692.7
2001-06-28,178.0,55346.46,0.0,432.84,0.0,30.31,16.68,1879.95
2001-06-29,158.0,55305.22,0.0,485.6,0.0,22.59,7.53,1036.72
2001-06-30,149.0,55296.67,0.0,446.38,0.0,21.77,8.77,1125.68
2001-07-01,147.0,55296.02,9.92,300.76,0.0,29.79,17.33,1976.17
2001-07-02,151.0,55296.02,8.17,388.19,0.0,25.45,6.94,1008.14
2001-07-03,140.0,55296.02,0.0,409.05,0.0,18.17,6.61,984.29
2001-07-04,136.0,55262.94,0.0,414.78,0.0,20.39,8.28,1111.68
2001-07-05,137.0,55138.57,6.69,307.32,0.0,23.9,11.25,1351.9
2001-07-06,148.0,54959.6,0.01,424.87,0.0,23.98,10.65,1291.67
2001-07-07,134.0,54950.4,0.0,362.54,0.0,19.24,8.68,1134.06
2001-07-08,125.0,54950.4,2.2,368.96,0.0,23.48,11.81,1388.68
2001-07-09,126.0,54945.33,5.63,238.53,0.0,21.55,12.69,1473.11
2001-07-10,225.0,54792.97,10.98,296.68,0.0,25.28,13.31,1529.02
2001-07-11,392.0,54614.05,13.72,285.5,0.0,22.58,11.57,1366.84
2001-07-12,316.0,54604.85,10.13,222.76,0.0,18.75,10.81,1304.68
2001-07-13,242.0,54604.85,4.42,269.75,0.0,20.04,11.49,1359.37
2001-07-14,183.0,54447.39,1.31,295.14,0.0,19.79,11.76,1381.03
2001-07-15,167.0,54259.84,2.36,273.58,0.0,20.64,12.51,1440.5
2001-07-16,168.0,54259.19,4.7,258.78,0.0,21.78,12.77,1473.63
2001-07-17,232.0,54226.06,7.55,287.56,0.0,22.0,11.53,1366.33
2001-07-18,422.0,53922.84,13.66,239.77,0.0,19.21,11.13,1330.24
2001-07-19,294.0,53913.64,0.86,418.16,0.0,21.2,9.31,1186.42
2001-07-20,209.0,53908.55,0.0,500.28,0.0,25.77,9.12,1172.53
2001-07-21,167.0,53618.48,0.0,503.47,0.0,28.11,10.36,1270.12
2001-07-22,146.0,53568.0,0.0,483.3,0.0,28.25,11.96,1404.56
2001-07-23,132.0,53562.93,0.0,397.23,0.0,27.05,15.32,1741.27
2001-07-24,126.0,53231.59,0.0,406.61,0.0,30.43,17.43,2009.49
2001-07-25,176.0,53222.38,13.11,328.55,0.0,30.58,15.86,1800.38
2001-07-26,152.0,53127.1,0.0,453.83,0.0,26.41,11.87,1389.4
2001-07-27,116.0,52876.79,0.0,428.37,0.0,19.54,7.21,1016.73
2001-07-28,86.0,52876.79,0.0,459.46,0.0,19.49,5.57,906.6
2001-07-29,79.0,52581.65,0.0,469.7,0.0,21.66,6.88,999.47
2001-07-30,76.0,52531.21,0.0,480.84,0.0,25.24,9.04,1162.9
2001-07-31,73.0,52498.07,0.0,475.69,0.0,26.27,9.95,1238.12
2001-08-01,73.0,52185.6,0.06,473.8,0.0,26.96,10.61,1289.12
2001-08-02,71.0,52185.6,0.0,481.78,0.0,28.53,10.93,1314.72
2001-08-03,66.0,51840.66,0.0,461.72,0.0,30.68,13.52,1564.13
2001-08-04,60.0,51840.02,0.0,421.83,0.0,29.2,14.98,1703.59
2001-08-05,57.0,51611.68,0.0,423.24,0.0,28.08,13.9,1593.53
2001-08-06,55.0,51494.41,0.0,435.33,0.0,29.12,13.87,1594.64
2001-08-07,54.0,51399.12,0.0,439.0,0.0,31.67,15.27,1745.07
2001-08-08,51.0,51148.82,0.0,441.32,0.0,30.04,13.77,1582.0
2001-08-09,54.0,51115.67,4.7,315.55,0.0,29.54,14.34,1650.24
2001-08-10,58.0,50803.2,2.41,346.32,0.0,31.63,17.7,2023.18
2001-08-11,57.0,50798.11,3.33,384.97,0.0,28.61,10.07,1246.33
2001-08-12,51.0,50457.61,0.0,430.26,0.0,25.47,9.67,1218.03
2001-08-13,48.0,50457.61,0.0,391.71,0.0,25.49,11.59,1378.22
2001-08-14,47.0,50112.02,0.0,428.03,0.0,27.22,10.82,1305.66
2001-08-15,45.0,50112.02,0.0,446.58,0.0,24.6,7.23,1026.2
2001-08-16,43.0,49766.37,0.0,456.51,0.0,26.21,7.44,1042.9
2001-08-17,42.0,49766.37,0.0,436.68,0.0,27.83,9.52,1208.08
2001-08-18,44.0,49420.8,6.39,193.2,0.0,22.18,13.74,1581.75
2001-08-19,48.0,49420.8,0.0,291.52,0.0,23.7,13.49,1545.78
2001-08-20,51.0,49075.17,0.0,361.19,0.0,27.03,13.56,1551.18
2001-08-21,53.0,49075.17,8.7,198.79,0.0,22.96,13.98,1604.3
2001-08-22,71.0,48729.61,6.81,201.37,0.0,23.84,14.64,1669.47
2001-08-23,70.0,48729.61,0.0,363.69,0.0,25.09,11.72,1377.48
2001-08-24,61.0,48383.99,0.0,388.57,0.0,27.01,12.06,1405.19
2001-08-25,51.0,48378.89,0.0,445.92,0.0,21.68,3.63,791.51
2001-08-26,46.0,48038.43,0.0,440.55,0.0,22.43,4.38,840.27
2001-08-27,46.0,47881.02,5.33,317.48,0.0,24.62,8.51,1131.52
2001-08-28,48.0,47692.81,4.74,241.85,0.0,21.99,10.29,1263.51
2001-08-29,54.0,47397.64,8.36,284.86,0.0,25.61,10.66,1292.6
2001-08-30,50.0,47347.21,0.0,387.57,0.0,19.02,4.35,839.27
2001-08-31,47.0,47001.61,0.0,403.38,0.0,21.97,5.99,944.4
2001-09-01,54.0,47001.61,16.74,272.56,0.0,26.35,12.02,1401.28
2001-09-02,70.0,46655.98,0.0,383.08,0.0,18.32,3.88,805.1
2001-09-03,68.0,46655.98,0.0,383.81,0.0,18.19,3.54,786.95
2001-09-04,57.0,46310.4,0.0,421.78,0.0,23.48,5.16,891.59
2001-09-05,58.0,46310.4,5.51,260.48,0.0,23.04,9.75,1219.79
2001-09-06,68.0,45964.78,0.0,377.17,0.0,18.06,3.35,779.33
2001-09-07,58.0,45931.68,0.0,424.46,0.0,22.1,3.4,792.95
2001-09-08,51.0,45619.2,0.0,384.56,0.0,27.11,10.22,1257.95
2001-09-09,47.0,45273.58,0.0,372.51,0.0,29.12,12.55,1445.95
2001-09-10,44.0,45273.58,0.0,392.26,0.0,30.78,12.01,1411.49
2001-09-11,43.0,44928.0,5.23,293.26,0.0,27.19,11.52,1361.73
2001-09-12,43.0,44928.0,0.0,354.45,0.0,21.24,6.57,965.29
2001-09-13,42.0,44582.39,0.0,362.36,0.0,21.62,6.42,961.1
2001-09-14,41.0,44582.39,0.0,355.69,0.0,20.9,6.15,936.53
2001-09-15,40.0,44236.77,0.0,350.1,0.0,15.16,1.1,652.06
2001-09-16,39.0,44236.77,0.0,367.34,0.0,16.08,0.87,651.6
2001-09-17,38.0,43891.22,0.0,370.65,0.0,19.65,3.28,781.54
2001-09-18,38.0,43545.62,0.0,381.14,0.0,22.84,4.96,877.05
2001-09-19,37.0,43545.62,0.0,362.08,0.0,21.7,5.03,877.33
2001-09-20,37.0,43199.99,0.0,290.77,0.0,18.04,5.88,938.33
2001-09-21,47.0,43199.99,15.35,113.04,0.0,15.09,9.32,1191.07
2001-09-22,81.0,42854.38,6.4,107.54,0.0,18.04,12.47,1455.45
2001-09-23,96.0,42854.38,5.69,210.2,0.0,21.36,9.4,1194.67
2001-09-24,81.0,42508.8,0.0,296.56,0.0,21.01,8.27,1105.61
2001-09-25,71.0,42168.24,9.72,212.13,0.0,20.7,8.5,1129.71
2001-09-26,221.0,42163.18,20.89,94.23,0.0,17.12,12.49,1439.08
2001-09-27,187.0,41817.61,0.0,287.23,0.0,21.01,8.86,1148.91
2001-09-28,112.0,41817.61,0.0,202.06,0.0,15.19,7.48,1038.49
2001-09-29,86.0,41472.0,0.0,272.96,0.0,11.11,0.47,635.8
2001-09-30,73.0,41472.0,0.0,346.65,0.0,13.54,-2.02,532.34
2001-10-01,67.0,41126.41,0.0,368.31,0.0,16.63,-1.87,534.09
2001-10-02,62.0,41126.41,0.0,370.38,0.0,20.06,-0.25,604.67
2001-10-03,58.0,40780.8,0.0,320.92,0.0,19.36,3.93,802.78
2001-10-04,55.0,40468.26,0.0,342.05,0.0,21.36,3.64,805.3
2001-10-05,53.0,40435.2,0.0,309.8,0.0,25.04,9.28,1182.3
2001-10-06,51.0,40089.61,0.0,296.03,0.0,21.01,6.72,977.25
2001-10-07,51.0,40089.61,4.31,230.3,0.0,16.46,1.66,691.95
2001-10-08,53.0,39744.03,1.94,226.97,0.0,9.59,0.15,614.59
2001-10-09,53.0,39744.03,0.0,227.98,0.0,6.49,-3.01,481.0
2001-10-10,52.0,39398.43,0.0,299.47,0.0,11.49,-2.32,521.73
2001-10-11,51.0,39398.43,0.0,309.32,0.0,18.31,2.41,719.67
2001-10-12,50.0,39052.75,0.0,339.54,0.0,23.14,1.83,703.33
2001-10-13,49.0,39002.29,0.0,253.64,0.0,19.97,7.83,1066.55
2001-10-14,48.0,38707.21,0.0,212.63,0.0,18.41,8.72,1137.56
2001-10-15,51.0,38519.06,3.98,147.83,0.0,17.41,8.65,1131.98
2001-10-16,54.0,38361.58,4.61,188.92,0.0,13.55,1.69,696.28
2001-10-17,73.0,38049.09,10.37,212.67,0.0,16.06,1.35,681.95
2001-10-18,95.0,38016.04,1.0,257.06,0.0,13.01,0.89,652.03
2001-10-19,85.0,37670.37,0.0,206.19,0.0,6.24,-2.64,505.49
2001-10-20,73.0,37670.37,0.0,284.13,0.0,13.15,-1.6,547.66
2001-10-21,67.0,37324.82,0.5,251.59,0.0,12.75,-0.46,593.99
2001-10-22,70.0,37324.82,7.96,209.18,0.0,17.3,1.3,664.28
2001-10-23,86.0,36979.21,0.0,267.92,0.0,11.36,-3.25,485.48
2001-10-24,93.0,36979.21,3.4,201.98,0.0,11.65,-3.17,491.33
2001-10-25,107.0,36633.59,2.5,155.64,0.0,17.88,8.9,1152.2
2001-10-26,112.0,36633.59,3.52,191.83,0.0,14.61,-0.39,594.61
2001-10-27,113.0,36288.03,0.0,227.04,0.0,10.92,-1.38,551.58
2001-10-28,94.0,36288.03,0.68,166.53,0.0,7.08,-1.33,561.03
2001-10-29,81.0,35942.39,0.0,176.21,0.0,3.68,-5.43,408.2
2001-10-30,74.0,35942.39,0.0,229.26,0.0,8.52,-4.42,442.17
2001-10-31,70.0,35601.92,0.0,191.02,0.0,4.28,-5.71,401.49
2001-11-01,73.0,35596.84,5.34,157.32,0.0,5.74,-5.01,427.46
2001-11-02,78.0,35284.34,0.0,157.13,0.0,7.06,-0.49,595.05
2001-11-03,86.0,35251.18,0.04,224.68,0.0,17.55,4.43,842.72
2001-11-04,84.0,35063.02,0.0,219.86,0.0,15.07,2.26,723.83
2001-11-05,81.0,34905.6,2.45,130.82,0.0,7.89,0.64,643.14
2001-11-06,90.0,34788.34,3.65,60.08,0.0,4.44,0.95,662.1
2001-11-07,103.0,34559.99,0.0,119.79,0.0,6.14,0.37,631.52
2001-11-08,87.0,34559.35,0.0,195.84,0.0,7.2,-3.34,479.84
2001-11-09,84.0,34214.4,4.36,141.38,0.0,6.49,-3.53,478.5
2001-11-10,86.0,34214.4,0.0,148.27,0.0,3.3,-3.85,459.64
2001-11-11,87.0,33901.92,2.34,115.04,0.0,2.79,-3.1,487.65
2001-11-12,80.0,33868.81,0.0,152.58,0.0,0.47,-6.62,378.44
2001-11-13,72.0,33818.36,0.0,150.02,0.0,-0.99,-8.21,328.85
2001-11-14,68.0,33523.23,0.0,191.85,0.0,1.37,-8.45,327.43
2001-11-15,69.0,33523.23,0.0,165.52,0.0,4.66,-3.58,476.12
2001-11-16,71.0,33272.91,1.39,183.03,0.0,12.1,1.64,686.2
2001-11-17,73.0,33177.61,0.32,245.25,0.0,13.11,-6.55,377.6
2001-11-18,80.0,33168.4,0.0,159.84,0.0,1.15,-6.77,373.78
2001-11-19,73.0,32837.07,0.0,205.78,0.0,10.39,-2.71,503.98
2001-11-20,73.0,32832.0,1.63,209.3,0.0,14.33,-1.2,563.91
2001-11-21,72.0,32781.54,2.23,202.84,0.0,6.72,-6.02,392.89
2001-11-22,71.0,32491.47,0.0,137.13,0.0,0.11,-6.42,383.92
2001-11-23,67.0,32486.39,0.0,104.27,0.0,1.32,-3.48,473.02
2001-11-24,67.0,32477.18,0.0,162.67,0.0,4.68,-3.69,466.36
2001-11-25,70.0,32173.93,0.32,163.36,0.0,8.02,-1.03,570.78
2001-11-26,84.0,32140.81,8.79,63.78,0.0,11.75,7.45,1036.0
2001-11-27,147.0,32140.17,0.01,142.71,0.0,11.8,4.07,817.54
2001-11-28,144.0,31952.65,1.95,139.04,0.0,7.19,-0.09,604.98
2001-11-29,136.0,31795.19,0.0,131.21,0.0,1.42,-5.16,416.02
2001-11-30,165.0,31795.19,16.58,88.71,0.0,0.08,-5.39,413.37
2001-12-01,319.0,31785.99,4.2,76.71,0.0,4.29,-0.44,591.39
2001-12-02,476.0,31607.04,0.0,163.92,0.0,10.22,1.43,672.9
2001-12-03,366.0,31454.68,0.0,128.64,0.0,5.55,-0.92,568.08
2001-12-04,285.0,31449.61,0.0,166.05,0.0,7.66,-1.12,563.34
2001-12-05,237.0,31449.61,0.69,140.05,0.0,6.51,-0.52,592.89
2001-12-06,210.0,31440.4,0.01,133.96,0.0,9.5,2.53,737.66
2001-12-07,187.0,31261.45,0.0,184.26,0.0,14.89,1.97,711.74
2001-12-08,166.0,31137.12,0.0,181.92,0.0,5.96,-5.82,398.39
2001-12-09,147.0,31104.01,0.89,125.0,0.0,-0.12,-6.09,384.52
2001-12-10,121.0,31104.01,0.0,171.81,0.0,-0.25,-9.75,289.64
2001-12-11,110.0,31104.01,0.0,198.59,0.0,3.43,-9.68,293.77
2001-12-12,109.0,31103.37,0.0,193.22,0.0,5.33,-7.28,358.6
2001-12-13,107.0,31094.8,1.05,165.72,0.0,1.41,-7.63,348.08
2001-12-14,107.0,31053.55,2.76,110.72,0.0,6.52,-1.13,559.25
2001-12-15,111.0,30986.76,8.12,116.01,0.0,6.49,-3.03,484.17
2001-12-16,91.0,30915.86,0.0,158.7,0.0,-1.0,-10.59,273.43
2001-12-17,79.0,30853.71,0.0,165.03,0.0,-3.86,-13.71,214.33
2001-12-18,109.0,30791.53,7.62,127.66,0.0,-2.42,-11.75,253.04
2001-12-19,117.0,30791.53,3.28,65.94,0.0,-1.83,-5.32,415.11
2001-12-20,116.0,30791.53,0.0,124.67,0.0,-0.08,-5.77,398.02
2001-12-21,112.0,30791.53,5.61,65.94,0.0,0.01,-3.69,463.53
2001-12-22,109.0,30791.53,0.0,164.09,0.0,-2.67,-10.39,275.05
2001-12-23,105.0,30791.53,0.0,186.42,0.0,-4.79,-14.96,197.73
2001-12-24,103.0,30853.71,1.03,210.17,0.0,0.76,-14.65,200.43
2001-12-25,170.0,30853.71,11.51,117.56,0.0,2.12,-5.45,412.39
2001-12-26,231.0,30915.86,0.0,189.56,0.0,0.03,-10.46,277.34
2001-12-27,209.0,30986.76,2.11,174.55,0.0,-0.93,-10.31,280.0
2001-12-28,173.0,31053.55,0.0,180.5,0.0,-3.46,-13.33,213.85
2001-12-29,155.0,31094.8,0.0,181.69,0.0,-2.94,-12.7,236.12
2001-12-30,139.0,31104.01,0.0,158.63,0.0,-2.74,-10.58,274.44
2001-12-31,123.0,31104.01,3.31,109.77,0.0,-4.66,-10.1,279.98
2002-01-01,112.0,31104.01,0.0,182.06,0.0,-3.15,-13.02,225.68
2002-01-02,106.0,31109.09,0.0,149.15,0.0,-7.93,-15.17,192.03
2002-01-03,102.0,31199.31,0.0,156.66,0.0,-2.67,-10.53,271.5
2002-01-04,99.0,31332.34,0.0,208.65,0.0,-2.1,-14.61,199.63
2002-01-05,98.0,31448.96,0.0,190.45,0.0,-5.86,-15.94,176.62
2002-01-06,97.0,31449.61,0.24,125.09,0.0,-1.82,-7.75,340.85
2002-01-07,106.0,31449.61,11.14,76.49,0.0,0.24,-4.4,440.37
2002-01-08,104.0,31544.91,0.0,214.86,0.0,-1.55,-14.32,203.77
2002-01-09,103.0,31744.75,0.0,200.9,0.0,-4.21,-14.89,196.49
2002-01-10,107.0,31795.19,2.64,114.81,0.0,-0.68,-6.34,385.04
2002-01-11,107.0,31795.19,0.0,99.98,0.0,2.88,-1.67,541.24
2002-01-12,107.0,31828.31,0.48,177.17,0.0,2.25,-7.05,365.16
2002-01-13,115.0,32090.35,0.0,130.33,0.0,-1.55,-7.3,358.34
2002-01-14,113.0,32140.81,16.02,151.63,0.0,0.18,-9.87,290.0
2002-01-15,112.0,32140.81,0.0,106.46,0.0,-7.09,-11.33,258.78
2002-01-16,112.0,32298.24,7.6,105.09,0.0,-4.35,-10.1,282.69
2002-01-17,109.0,32486.39,0.0,195.28,0.0,-5.05,-14.0,202.65
2002-01-18,105.0,32486.39,1.7,202.89,0.0,-3.42,-13.08,226.94
2002-01-19,102.0,32643.84,0.03,262.97,0.0,-2.59,-18.92,140.48
2002-01-20,99.0,32832.0,0.0,249.27,0.0,-5.35,-18.31,145.28
2002-01-21,98.0,32832.0,0.0,244.01,0.0,-2.49,-14.46,204.71
2002-01-22,97.0,32989.45,2.32,122.38,0.0,-1.72,-6.96,362.4
2002-01-23,96.0,33177.61,0.0,252.63,0.0,-0.4,-13.19,223.18
2002-01-24,118.0,33177.61,0.0,272.31,0.0,5.81,-10.59,277.27
2002-01-25,141.0,33472.77,12.18,162.33,0.0,2.73,-6.31,384.49
2002-01-26,172.0,33523.23,2.75,200.23,0.0,-1.16,-10.33,274.2
2002-01-27,166.0,33556.32,0.0,229.92,0.0,2.71,-6.8,362.14
2002-01-28,158.0,33868.81,0.0,184.72,0.0,-1.53,-8.35,327.45
2002-01-29,153.0,33868.81,0.0,238.51,0.0,2.18,-7.97,337.87
2002-01-30,149.0,34163.93,5.26,192.37,0.0,2.33,-8.39,321.68
2002-01-31,144.0,34214.4,0.05,236.16,0.0,-5.24,-14.18,206.6
2002-02-01,148.0,34309.69,9.84,128.16,0.0,-8.95,-14.58,201.83
2002-02-02,143.0,34559.99,15.48,217.27,0.0,-1.87,-14.37,204.35
2002-02-03,143.0,34565.07,0.0,296.94,0.0,-10.21,-22.49,104.16
2002-02-04,142.0,34905.6,0.0,308.73,0.0,-7.68,-20.9,121.48
2002-02-05,136.0,34905.6,0.0,311.08,0.0,-1.82,-15.81,179.39
2002-02-06,131.0,35250.53,0.0,224.42,0.0,-9.19,-16.97,159.81
2002-02-07,125.0,35251.18,0.0,266.11,0.0,-7.94,-17.33,163.83
2002-02-08,121.0,35587.64,0.67,229.36,0.0,-2.93,-10.74,278.08
2002-02-09,118.0,35596.84,0.0,332.0,0.0,-1.21,-15.83,173.99
2002-02-10,116.0,35891.94,0.0,332.85,0.0,-4.26,-19.31,121.84
2002-02-11,161.0,35942.39,18.78,263.87,0.0,0.56,-16.31,165.6
2002-02-12,239.0,36170.77,0.0,362.72,0.0,-5.26,-23.28,97.96
2002-02-13,323.0,36288.03,4.88,279.02,0.0,-2.77,-19.6,134.02
2002-02-14,301.0,36516.33,0.0,355.44,0.0,-7.66,-23.8,91.56
2002-02-15,257.0,36633.59,0.0,367.07,0.0,-4.25,-21.81,106.57
2002-02-16,213.0,36861.95,0.0,305.97,0.0,3.27,-8.65,320.82
2002-02-17,180.0,36979.21,0.0,340.14,0.0,7.16,-7.4,347.32
2002-02-18,160.0,37274.36,0.0,351.0,0.0,2.92,-11.92,248.64
2002-02-19,147.0,37324.82,0.0,342.06,0.0,-0.78,-14.93,197.95
2002-02-20,138.0,37661.16,0.0,372.15,0.0,5.03,-11.67,253.18
2002-02-21,214.0,37670.37,8.05,197.82,0.0,2.28,-6.93,369.7
2002-02-22,323.0,38015.39,2.57,150.72,0.0,5.23,-0.48,595.46
2002-02-23,427.0,38016.04,0.0,287.78,0.0,4.07,-5.64,400.45
2002-02-24,410.0,38361.58,0.0,358.71,0.0,-1.12,-14.44,203.6
2002-02-25,327.0,38361.58,0.0,351.68,0.0,1.6,-11.27,261.89
2002-02-26,264.0,38707.21,0.0,224.3,0.0,2.57,-4.42,445.28
2002-02-27,292.0,38707.21,7.85,207.57,0.0,7.21,-1.91,535.21
2002-02-28,596.0,39052.75,17.54,249.24,0.0,2.09,-8.94,306.56
2002-03-01,552.0,39052.75,0.0,280.13,0.0,-5.44,-13.94,210.23
2002-03-02,464.0,39398.43,0.0,390.3,0.0,0.33,-13.46,222.02
2002-03-03,433.0,39431.55,7.06,275.35,0.0,2.9,-9.56,300.49
2002-03-04,807.0,39744.03,6.07,298.12,0.0,8.5,-5.94,393.84
2002-03-05,736.0,40039.16,0.0,326.67,0.0,-4.24,-14.23,206.08
2002-03-06,539.0,40089.61,0.0,365.91,0.0,-5.49,-17.01,166.5
2002-03-07,428.0,40435.2,0.49,338.93,0.0,-0.93,-11.41,259.52
2002-03-08,345.0,40435.2,0.0,291.69,0.0,0.12,-8.19,336.25
2002-03-09,272.0,40780.8,0.0,206.28,0.0,-0.62,-6.15,391.99
2002-03-10,978.0,40780.8,14.63,306.02,0.0,11.89,-1.77,538.41
2002-03-11,1820.0,41126.41,0.0,415.11,0.0,1.7,-11.47,255.3
2002-03-12,1090.0,41126.41,0.0,351.99,0.0,-2.94,-12.79,232.21
2002-03-13,762.0,41472.0,0.0,402.03,0.0,2.45,-9.33,304.1
2002-03-14,690.0,41808.4,0.0,401.73,0.0,5.76,-5.85,400.31
2002-03-15,657.0,41817.61,0.0,410.5,0.0,5.94,-5.81,398.15
2002-03-16,534.0,42163.18,2.88,217.12,0.0,-0.37,-6.24,380.93
2002-03-17,462.0,42163.18,0.0,442.58,0.0,0.08,-12.03,247.79
2002-03-18,406.0,42508.8,0.0,474.34,0.0,1.94,-12.03,246.32
2002-03-19,364.0,42508.8,0.0,399.87,0.0,-0.02,-10.01,291.41
2002-03-20,340.0,42854.38,0.0,418.16,0.0,2.43,-8.15,329.32
2002-03-21,343.0,42854.38,12.06,205.49,0.0,0.09,-5.88,402.1
2002-03-22,355.0,43199.99,3.65,418.79,0.0,2.83,-15.69,181.39
2002-03-23,293.0,43545.62,0.0,362.78,0.0,-9.22,-17.1,164.56
2002-03-24,266.0,43545.62,1.82,402.27,0.0,-1.6,-11.13,265.26
2002-03-25,249.0,43891.22,0.0,505.95,0.0,-2.89,-16.19,176.72
2002-03-26,244.0,43891.22,0.0,511.95,0.0,-1.3,-14.8,198.59
2002-03-27,260.0,44236.77,26.43,316.41,0.0,1.19,-8.19,332.63
2002-03-28,300.0,44236.77,0.0,365.23,0.0,5.14,-2.68,503.45
2002-03-29,307.0,44582.39,0.0,437.42,0.0,3.59,-6.2,389.03
2002-03-30,537.0,44591.59,3.67,400.19,0.0,9.1,-4.57,442.82
2002-03-31,1240.0,44928.0,3.55,456.4,0.0,11.48,-3.96,460.62
2002-04-01,2040.0,45273.58,3.94,393.85,0.0,12.95,-1.08,569.23
2002-04-02,2320.0,45273.58,5.92,172.4,0.0,4.19,-0.35,602.16
2002-04-03,2260.0,45619.2,8.3,234.49,0.0,6.24,-0.05,607.81
2002-04-04,2700.0,45619.2,8.09,334.99,0.0,5.72,-3.91,462.77
2002-04-05,1980.0,45964.78,0.0,425.25,0.0,2.89,-5.79,401.68
2002-04-06,1490.0,45964.78,0.0,515.84,0.0,4.04,-7.76,347.83
2002-04-07,972.0,46310.4,0.0,538.26,0.0,1.76,-10.71,272.38
2002-04-08,970.0,46319.61,0.0,482.71,0.0,3.11,-7.35,356.24
2002-04-09,1150.0,46655.98,2.31,369.3,0.0,6.55,-1.44,555.04
2002-04-10,1600.0,46968.5,3.82,281.88,0.0,10.04,2.61,739.77
2002-04-11,1810.0,47001.61,0.0,521.7,0.0,6.59,-5.05,422.07
2002-04-12,1720.0,47347.21,0.0,581.09,0.0,10.48,-4.17,456.76
2002-04-13,2430.0,47347.21,0.0,498.92,0.0,14.95,3.8,809.64
2002-04-14,4590.0,47692.81,14.88,326.24,0.0,15.07,5.98,934.47
2002-04-15,4700.0,47692.81,14.01,289.7,0.0,10.57,2.95,755.82
2002-04-16,4090.0,48038.43,4.84,234.72,0.0,7.71,1.88,707.44
2002-04-17,4100.0,48038.43,5.58,442.96,0.0,23.01,5.52,913.3
2002-04-18,4520.0,48383.99,16.53,390.87,0.0,18.83,6.52,969.19
2002-04-19,3340.0,48384.63,0.0,501.11,0.0,15.98,4.47,848.62
2002-04-20,2260.0,48729.61,0.0,525.33,0.0,14.96,2.79,746.3
2002-04-21,1490.0,48738.8,0.0,589.7,0.0,10.79,-3.94,459.53
2002-04-22,1090.0,49075.17,0.0,486.01,0.0,2.37,-7.67,339.74
2002-04-23,916.0,49125.64,0.0,500.39,0.0,4.49,-5.87,399.68
2002-04-24,771.0,49420.8,0.0,495.33,0.0,6.84,-3.57,472.98
2002-04-25,655.0,49538.05,0.0,612.1,0.0,12.11,-3.89,462.59
2002-04-26,692.0,49766.37,10.73,458.58,0.0,12.88,-3.7,472.52
2002-04-27,816.0,49883.64,0.0,416.88,0.0,5.59,-2.68,504.73
2002-04-28,731.0,50112.02,0.0,505.66,0.0,6.33,-4.35,446.4
2002-04-29,780.0,50229.28,15.0,224.1,0.0,3.07,-2.35,518.33
2002-04-30,882.0,50457.61,0.18,245.47,0.0,2.22,-1.98,531.32
2002-05-01,1160.0,50508.05,0.02,516.38,0.0,8.42,-1.97,534.5
2002-05-02,1400.0,50803.2,4.39,427.4,0.0,8.91,-2.39,515.13
2002-05-03,2020.0,50812.41,8.69,277.0,0.0,5.88,-0.98,571.63
2002-05-04,1900.0,51148.82,2.17,314.36,0.0,6.67,0.7,645.63
2002-05-05,1220.0,51149.46,0.0,584.35,0.0,13.18,-0.9,573.19
2002-05-06,978.0,51494.41,0.0,633.28,0.0,19.21,0.01,607.63
2002-05-07,993.0,51494.41,0.0,589.11,0.0,23.35,7.14,1010.52
2002-05-08,1010.0,51834.94,3.05,498.67,0.0,21.38,3.45,783.6
2002-05-09,749.0,51840.02,0.0,535.15,0.0,13.8,1.29,672.73
2002-05-10,653.0,52028.15,4.2,365.71,0.0,14.68,3.4,779.6
2002-05-11,634.0,52185.6,0.0,597.73,0.0,19.69,2.46,732.28
2002-05-12,506.0,52236.07,0.0,541.69,0.0,12.19,-0.85,583.33
2002-05-13,465.0,52531.21,0.14,442.95,0.0,11.64,2.03,710.86
2002-05-14,1610.0,52531.21,27.55,305.38,0.0,9.09,0.53,634.75
2002-05-15,3060.0,52843.69,11.07,174.47,0.0,5.14,0.6,640.31
2002-05-16,2260.0,52876.79,0.0,360.46,0.0,8.58,1.03,660.88
2002-05-17,1880.0,52927.26,4.68,382.68,0.0,16.43,5.37,899.93
2002-05-18,1240.0,53222.38,0.0,483.22,0.0,12.97,2.27,723.7
2002-05-19,935.0,53222.38,3.53,171.47,0.0,5.08,1.28,663.16
2002-05-20,893.0,53410.52,0.0,456.99,0.0,8.92,-1.13,563.9
2002-05-21,758.0,53568.0,0.0,435.62,0.0,9.67,0.37,632.0
2002-05-22,535.0,53568.0,0.0,526.52,0.0,13.26,0.69,639.81
2002-05-23,487.0,53756.18,0.0,587.02,0.0,18.57,1.65,692.17
2002-05-24,465.0,53913.64,0.0,591.2,0.0,24.09,5.87,913.04
2002-05-25,510.0,53913.64,0.91,626.24,0.0,23.55,0.4,624.56
2002-05-26,401.0,54101.75,0.0,551.95,0.0,16.78,2.48,739.09
2002-05-27,389.0,54259.19,1.88,541.11,0.0,16.87,2.55,737.11
2002-05-28,364.0,54259.19,0.0,586.16,0.0,24.69,5.52,905.02
2002-05-29,340.0,54309.67,0.0,542.4,0.0,23.69,7.81,1066.34
2002-05-30,323.0,54571.76,0.0,477.07,0.0,23.5,10.3,1256.18
2002-05-31,372.0,54604.85,10.23,215.96,0.0,19.65,12.7,1472.82
2002-06-01,773.0,54604.85,11.22,353.92,0.0,23.8,10.76,1300.93
2002-06-02,586.0,54655.29,2.86,409.22,0.0,22.87,8.28,1102.65
2002-06-03,454.0,54855.09,0.0,406.99,0.0,12.75,2.62,740.31
2002-06-04,366.0,54950.4,0.0,475.15,0.0,12.37,-0.49,586.57
2002-06-05,343.0,54950.4,5.12,406.52,0.0,19.1,2.47,740.9
2002-06-06,528.0,54951.04,12.97,280.73,0.0,18.09,8.79,1145.5
2002-06-07,540.0,55067.66,0.53,398.04,0.0,17.58,7.52,1041.76
2002-06-08,389.0,55200.73,0.0,537.82,0.0,17.92,1.88,697.21
2002-06-09,326.0,55290.93,0.0,505.46,0.0,19.69,5.13,890.59
2002-06-10,288.0,55296.02,0.02,480.65,0.0,23.45,9.56,1204.66
2002-06-11,263.0,55296.02,6.32,308.55,0.0,20.87,10.09,1247.49
2002-06-12,1130.0,55296.02,23.37,113.56,0.0,11.13,7.84,1067.18
2002-06-13,1860.0,55305.22,12.45,78.25,0.0,9.6,8.09,1086.82
2002-06-14,1070.0,55346.46,0.0,533.66,0.0,21.72,4.76,859.92
2002-06-15,643.0,55413.27,0.0,474.52,0.0,20.2,6.49,980.66
2002-06-16,850.0,55484.16,10.84,176.98,0.0,11.94,6.5,967.36
2002-06-17,886.0,55546.3,1.6,203.54,0.0,11.29,6.39,964.59
2002-06-18,711.0,55546.3,5.2,246.24,0.0,16.83,8.9,1151.7
2002-06-19,542.0,55608.45,1.75,361.26,0.0,18.56,8.52,1121.51
2002-06-20,389.0,55608.45,0.0,508.48,0.0,22.27,6.45,970.52
2002-06-21,387.0,55608.45,0.0,525.29,0.0,26.18,8.26,1104.33
2002-06-22,305.0,55608.45,0.0,477.79,0.0,28.71,13.33,1533.11
2002-06-23,268.0,55608.45,0.0,435.09,0.0,22.75,10.56,1284.6
2002-06-24,266.0,55608.45,6.56,260.58,0.0,20.28,11.58,1367.3
2002-06-25,243.0,55546.3,0.0,504.26,0.0,23.21,7.77,1062.27
2002-06-26,231.0,55484.16,7.81,344.89,0.0,23.05,9.92,1236.23
2002-06-27,290.0,55413.27,8.19,339.67,0.0,27.6,14.22,1630.66
2002-06-28,277.0,55346.46,4.89,321.23,0.0,28.0,15.64,1781.28
2002-06-29,240.0,55305.22,0.0,502.13,0.0,26.03,10.22,1258.85
2002-06-30,207.0,55296.67,0.0,513.37,0.0,26.53,9.32,1188.2
2002-07-01,551.0,55296.02,33.05,345.95,0.0,25.67,11.73,1394.08
2002-07-02,903.0,55296.02,8.55,287.76,0.0,26.29,15.62,1789.04
2002-07-03,746.0,55296.02,8.38,283.26,0.0,30.42,19.06,2212.91
2002-07-04,541.0,55262.94,0.0,436.35,0.0,33.49,19.06,2212.7
2002-07-05,279.0,55138.57,0.0,481.34,0.0,30.74,14.4,1643.6
2002-07-06,236.0,54959.6,1.83,367.97,0.0,21.7,11.8,1384.58
2002-07-07,230.0,54950.4,0.03,254.78,0.0,18.58,12.29,1423.37
2002-07-08,210.0,54950.4,0.0,410.01,0.0,22.85,11.48,1358.7
2002-07-09,197.0,54945.33,2.87,413.12,0.0,27.99,12.17,1432.64
2002-07-10,184.0,54792.97,0.01,450.38,0.0,25.55,12.24,1419.2
2002-07-11,170.0,54614.05,0.0,410.68,0.0,17.93,6.81,985.12
2002-07-12,160.0,54604.85,0.0,383.88,0.0,19.16,8.73,1138.04
2002-07-13,152.0,54604.85,0.0,473.05,0.0,24.19,9.22,1177.66
2002-07-14,148.0,54447.39,0.0,452.62,0.0,24.74,10.86,1309.19
2002-07-15,151.0,54259.84,0.0,444.97,0.0,26.73,12.69,1474.64
2002-07-16,175.0,54259.19,9.12,301.22,0.0,23.82,11.98,1403.38
2002-07-17,162.0,54226.06,0.0,392.88,0.0,20.75,9.48,1198.13
2002-07-18,152.0,53922.84,0.04,349.1,0.0,22.69,12.57,1455.05
2002-07-19,143.0,53913.64,0.0,477.19,0.0,24.38,8.24,1102.47
2002-07-20,98.0,53908.55,0.65,335.75,0.0,18.91,9.48,1204.41
2002-07-21,85.0,53618.48,0.0,428.06,0.0,23.63,10.55,1284.26
2002-07-22,80.0,53568.0,0.0,445.97,0.0,26.16,11.82,1400.74
2002-07-23,77.0,53562.93,0.0,436.53,0.0,30.04,15.16,1727.88
2002-07-24,77.0,53231.59,8.94,390.59,0.0,27.57,6.26,961.72
2002-07-25,77.0,53222.38,0.0,482.89,0.0,21.65,5.33,896.61
2002-07-26,69.0,53127.1,0.0,482.41,0.0,23.72,6.75,992.25
2002-07-27,64.0,52876.79,0.68,430.56,0.0,21.64,7.75,1072.73
2002-07-28,64.0,52876.79,0.0,210.75,0.0,16.86,11.2,1347.17
2002-07-29,70.0,52581.65,0.01,341.08,0.0,24.46,14.28,1639.5
2002-07-30,73.0,52531.21,3.27,329.66,0.0,27.32,15.23,1727.14
2002-07-31,75.0,52498.07,10.23,265.74,0.0,27.11,16.21,1837.47
2002-08-01,73.0,52185.6,0.0,428.02,0.0,28.29,13.99,1603.17
2002-08-02,64.0,52185.6,0.0,427.91,0.0,28.59,13.98,1604.96
2002-08-03,60.0,51840.66,0.0,300.87,0.0,23.94,15.22,1729.82
2002-08-04,58.0,51840.02,0.0,456.18,0.0,29.02,12.81,1481.5
2002-08-05,57.0,51611.68,0.0,394.44,0.0,27.16,14.48,1663.04
2002-08-06,55.0,51494.41,4.09,338.55,0.0,27.52,11.72,1385.87
2002-08-07,53.0,51399.12,0.0,251.09,0.0,18.65,11.67,1373.82
2002-08-08,52.0,51148.82,0.0,416.79,0.0,22.6,9.38,1193.11
2002-08-09,50.0,51115.67,0.0,456.54,0.0,22.99,7.31,1028.09
2002-08-10,49.0,50803.2,0.0,465.18,0.0,25.6,8.61,1137.78
2002-08-11,47.0,50798.11,0.0,418.34,0.0,25.98,11.56,1365.16
2002-08-12,46.0,50457.61,0.0,461.77,0.0,30.6,12.25,1432.57
2002-08-13,44.0,50457.61,0.0,449.15,0.0,31.03,13.31,1527.45
2002-08-14,42.0,50112.02,0.0,434.58,0.0,31.85,14.74,1672.42
2002-08-15,41.0,50112.02,0.0,418.31,0.0,33.18,16.51,1872.07
2002-08-16,40.0,49766.37,0.0,387.68,0.0,33.06,18.06,2076.9
2002-08-17,38.0,49766.37,0.0,348.43,0.0,31.58,18.77,2162.41
2002-08-18,37.0,49420.8,0.0,417.42,0.0,28.89,12.93,1472.8
2002-08-19,36.0,49420.8,0.0,422.66,0.0,31.04,14.01,1587.46
2002-08-20,40.0,49075.17,2.84,320.37,0.0,27.73,13.65,1567.87
2002-08-21,39.0,49075.17,0.01,433.2,0.0,24.48,7.81,1066.65
2002-08-22,38.0,48729.61,0.0,439.1,0.0,25.92,8.21,1103.38
2002-08-23,38.0,48729.61,2.59,344.28,0.0,22.57,8.69,1143.66
2002-08-24,38.0,48383.99,0.0,421.7,0.0,22.69,6.85,994.66
2002-08-25,39.0,48378.89,0.58,362.09,0.0,20.82,7.74,1065.26
2002-08-26,37.0,48038.43,0.0,395.26,0.0,23.97,9.4,1191.78
2002-08-27,36.0,47881.02,0.0,416.45,0.0,26.99,10.09,1248.05
2002-08-28,33.0,47692.81,0.0,406.69,0.0,21.87,6.25,958.77
2002-08-29,33.0,47397.64,0.0,411.56,0.0,22.63,6.29,961.23
2002-08-30,33.0,47347.21,1.55,333.71,0.0,19.94,7.79,1071.87
2002-08-31,33.0,47001.61,0.0,426.88,0.0,25.28,6.99,1001.05
2002-09-01,32.0,47001.61,0.0,439.48,0.0,21.08,2.21,710.53
2002-09-02,31.0,46655.98,0.0,399.74,0.0,22.55,5.81,937.1
2002-09-03,33.0,46655.98,0.41,309.48,0.0,21.75,9.67,1215.09
2002-09-04,36.0,46310.4,3.35,131.7,0.0,19.56,13.52,1559.03
2002-09-05,37.0,46310.4,0.0,325.93,0.0,24.94,12.27,1421.95
2002-09-06,35.0,45964.78,0.0,314.34,0.0,19.53,7.6,1047.71
2002-09-07,33.0,45931.68,0.0,382.64,0.0,23.74,7.57,1046.18
2002-09-08,31.0,45619.2,0.0,386.46,0.0,27.19,9.88,1216.34
2002-09-09,30.0,45273.58,0.0,373.98,0.0,30.96,13.63,1567.92
2002-09-10,29.0,45273.58,0.0,382.4,0.0,34.07,14.99,1676.67
2002-09-11,29.0,44928.0,0.0,393.58,0.0,31.98,12.5,1369.46
2002-09-12,32.0,44928.0,12.78,276.07,0.0,22.12,6.18,945.0
2002-09-13,34.0,44582.39,0.33,267.58,0.0,14.87,4.85,867.65
2002-09-14,41.0,44582.39,1.81,353.68,0.0,20.47,3.86,808.58
2002-09-15,48.0,44236.77,9.51,267.79,0.0,20.91,5.39,910.15
2002-09-16,105.0,44236.77,27.71,172.05,0.0,19.94,11.07,1325.53
2002-09-17,139.0,43891.22,4.35,183.13,0.0,15.51,6.3,955.25
2002-09-18,91.0,43545.62,0.0,358.81,0.0,21.16,5.53,905.96
2002-09-19,65.0,43545.62,0.0,354.3,0.0,20.88,5.3,895.93
2002-09-20,54.0,43199.99,0.0,386.58,0.0,25.42,5.84,936.73
2002-09-21,49.0,43199.99,0.0,270.7,0.0,23.8,12.49,1454.88
2002-09-22,46.0,42854.38,4.83,214.84,0.0,27.69,15.64,1771.27
2002-09-23,46.0,42854.38,5.0,160.27,0.0,24.19,15.66,1773.26
2002-09-24,44.0,42508.8,0.0,345.57,0.0,19.01,3.64,803.52
2002-09-25,42.0,42168.24,0.0,359.57,0.0,19.75,2.84,754.84
2002-09-26,41.0,42163.18,0.0,360.62,0.0,21.27,3.51,796.52
2002-09-27,42.0,41817.61,0.0,312.22,0.0,19.39,5.3,901.85
2002-09-28,136.0,41817.61,35.47,138.9,0.0,14.83,7.61,1050.26
2002-09-29,191.0,41472.0,0.0,352.57,0.0,16.16,-0.57,587.37
2002-09-30,104.0,41472.0,0.0,303.49,0.0,13.11,0.16,624.97
2002-10-01,76.0,41126.41,0.0,309.29,0.0,17.48,3.75,809.72
2002-10-02,64.0,41126.41,0.0,290.49,0.0,25.41,11.62,1378.93
2002-10-03,56.0,40780.8,1.15,306.2,0.0,24.04,9.29,1182.81
2002-10-04,51.0,40468.26,0.0,300.54,0.0,11.88,-1.64,540.89
2002-10-05,53.0,40435.2,4.13,203.11,0.0,16.37,4.2,833.33
2002-10-06,56.0,40089.61,0.0,344.44,0.0,21.34,2.14,713.09
2002-10-07,62.0,40089.61,0.0,279.82,0.0,14.03,0.91,661.1
2002-10-08,56.0,39744.03,1.02,273.95,0.0,12.62,0.15,612.56
2002-10-09,51.0,39744.03,0.0,287.31,0.0,8.55,-4.65,435.83
2002-10-10,49.0,39398.43,1.05,235.54,0.0,9.05,-0.96,573.05
2002-10-11,48.0,39398.43,0.0,154.66,0.0,10.16,3.92,814.55
2002-10-12,49.0,39052.75,0.0,168.57,0.0,12.13,5.28,901.56
2002-10-13,49.0,39002.29,0.0,253.91,0.0,13.77,2.44,728.07
2002-10-14,59.0,38707.21,13.98,166.53,0.0,10.94,1.53,682.22
2002-10-15,72.0,38519.06,0.0,269.4,0.0,7.15,-5.04,422.91
2002-10-16,74.0,38361.58,0.0,301.44,0.0,9.74,-5.75,402.52
2002-10-17,355.0,38049.09,22.54,122.58,0.0,7.58,0.77,640.89
2002-10-18,379.0,38016.04,1.27,150.03,0.0,7.89,1.72,694.19
2002-10-19,204.0,37670.37,0.77,226.34,0.0,7.32,-3.2,483.92
2002-10-20,220.0,37670.37,8.65,160.19,0.0,8.02,-1.06,561.68
2002-10-21,206.0,37324.82,0.0,172.75,0.0,5.05,-2.08,523.66
2002-10-22,148.0,37324.82,0.0,170.44,0.0,3.01,-3.88,460.75
2002-10-23,121.0,36979.21,0.0,213.98,0.0,4.73,-4.43,440.91
2002-10-24,104.0,36979.21,0.0,166.5,0.0,3.79,-3.01,491.71
2002-10-25,94.0,36633.59,0.0,221.46,0.0,5.16,-4.33,445.29
2002-10-26,96.0,36633.59,0.0,245.65,0.0,6.57,-4.53,435.4
2002-10-27,257.0,36288.03,15.02,83.14,0.0,3.88,-0.33,598.31
2002-10-28,271.0,36288.03,0.0,155.21,0.0,5.01,-1.19,563.23
2002-10-29,187.0,35942.39,0.0,180.05,0.0,3.23,-3.98,457.66
2002-10-30,148.0,35942.39,0.0,207.36,0.0,2.75,-5.99,391.45
2002-10-31,128.0,35601.92,0.0,257.72,0.0,3.52,-8.96,308.09
2002-11-01,118.0,35596.84,0.0,251.52,0.0,5.5,-7.1,364.53
2002-11-02,114.0,35284.34,1.99,253.46,0.0,2.43,-9.71,293.9
2002-11-03,97.0,35251.18,0.0,179.95,0.0,-4.14,-10.66,271.63
2002-11-04,86.0,35063.02,0.0,251.9,0.0,-0.3,-10.56,273.16
2002-11-05,101.0,34905.6,3.12,143.6,0.0,-2.0,-8.78,319.64
2002-11-06,129.0,34788.34,6.0,75.89,0.0,-0.52,-3.82,462.97
2002-11-07,147.0,34559.99,9.16,118.19,0.0,2.08,-3.26,480.0
2002-11-08,137.0,34559.35,0.0,275.22,0.0,-0.36,-12.61,235.6
2002-11-09,137.0,34214.4,0.0,270.45,0.0,4.42,-8.08,337.16
2002-11-10,149.0,34214.4,0.0,254.87,0.0,11.74,-1.45,548.15
2002-11-11,259.0,33901.92,0.0,246.47,0.0,14.91,0.2,626.82
2002-11-12,461.0,33868.81,6.96,174.04,0.0,17.83,3.52,798.05
2002-11-13,518.0,33818.36,11.03,105.33,0.0,7.72,1.63,686.7
2002-11-14,570.0,33523.23,0.26,109.78,0.0,4.31,-0.37,597.44
2002-11-15,401.0,33523.23,0.0,179.79,0.0,6.78,-1.92,529.23
2002-11-16,322.0,33272.91,0.0,240.67,0.0,11.78,-6.03,391.12
2002-11-17,264.0,33177.61,11.66,83.86,0.0,-2.76,-7.11,364.26
2002-11-18,232.0,33168.4,19.26,60.85,0.0,-1.79,-4.86,429.33
2002-11-19,214.0,32837.07,2.09,123.58,0.0,-1.93,-6.88,366.94
2002-11-20,205.0,32832.0,0.0,170.53,0.0,-0.2,-7.17,363.08
2002-11-21,197.0,32781.54,0.0,175.93,0.0,2.88,-4.67,435.07
2002-11-22,263.0,32491.47,5.59,116.49,0.0,3.28,-3.53,476.61
2002-11-23,1060.0,32486.39,8.88,63.48,0.0,3.14,-0.25,601.04
2002-11-24,1000.0,32477.18,0.68,160.12,0.0,1.51,-5.65,406.35
2002-11-25,675.0,32173.93,0.0,103.77,0.0,0.15,-3.91,457.01
2002-11-26,448.0,32140.81,0.21,162.88,0.0,1.79,-5.25,415.87
2002-11-27,319.0,32140.17,0.0,160.96,0.0,0.37,-6.66,363.45
2002-11-28,259.0,31952.65,0.0,198.0,0.0,-3.09,-12.94,226.79
2002-11-29,226.0,31795.19,0.0,153.89,0.0,-7.71,-14.74,200.0
2002-11-30,198.0,31795.19,2.0,200.67,0.0,-3.56,-13.07,228.13
2002-12-01,179.0,31785.99,0.0,177.9,0.0,3.06,-4.95,439.19
2002-12-02,163.0,31607.04,0.0,228.72,0.0,-1.91,-16.06,177.3
2002-12-03,148.0,31454.68,0.0,218.43,0.0,-4.13,-17.0,165.48
2002-12-04,136.0,31449.61,0.0,129.24,0.0,-11.15,-16.49,172.07
2002-12-05,128.0,31449.61,0.0,169.4,0.0,-9.1,-16.75,170.32
2002-12-06,121.0,31440.4,0.0,162.58,0.0,-6.07,-13.63,217.19
2002-12-07,116.0,31261.45,0.0,191.47,0.0,-3.77,-13.95,200.19
2002-12-08,111.0,31137.12,0.0,205.37,0.0,0.02,-11.92,240.04
2002-12-09,108.0,31104.01,0.0,231.27,0.0,0.89,-22.63,101.03
2002-12-10,105.0,31104.01,0.0,212.8,0.0,-9.76,-22.97,99.24
2002-12-11,104.0,31104.01,0.0,203.1,0.0,-2.11,-14.14,208.55
2002-12-12,105.0,31103.37,2.65,171.84,0.0,1.67,-9.92,290.36
2002-12-13,109.0,31094.8,3.15,113.95,0.0,1.6,-5.95,400.0
2002-12-14,135.0,31053.55,8.31,143.01,0.0,4.51,-6.83,367.67
2002-12-15,304.0,30986.76,16.71,37.0,0.0,1.01,-0.97,566.91
2002-12-16,352.0,30915.86,0.0,153.83,0.0,0.15,-7.23,355.4
2002-12-17,269.0,30853.71,0.0,175.89,0.0,-4.18,-13.15,220.75
2002-12-18,220.0,30791.53,0.0,196.95,0.0,-5.45,-16.82,168.96
2002-12-19,196.0,30791.53,0.0,217.44,0.0,-1.31,-17.57,159.67
2002-12-20,202.0,30791.53,0.0,202.78,0.0,1.06,-12.26,242.63
2002-12-21,397.0,30791.53,15.69,86.2,0.0,3.42,-2.33,518.49
2002-12-22,596.0,30791.53,0.0,95.29,0.0,2.09,-2.56,510.34
2002-12-23,441.0,30791.53,0.21,105.58,0.0,1.52,-3.77,461.81
2002-12-24,342.0,30853.71,1.01,130.53,0.0,0.03,-6.56,375.47
2002-12-25,278.0,30853.71,0.0,176.33,0.0,-4.21,-14.32,202.05
2002-12-26,237.0,30915.86,0.0,160.87,0.0,-5.27,-13.96,213.64
2002-12-27,207.0,30986.76,0.0,130.27,0.0,-5.3,-12.11,240.0
2002-12-28,189.0,31053.55,0.0,172.68,0.0,-4.43,-14.47,200.0
2002-12-29,172.0,31094.8,0.0,152.66,0.0,-3.1,-11.43,251.38
2002-12-30,159.0,31104.01,0.0,202.05,0.0,-1.66,-14.75,197.21
2002-12-31,151.0,31104.01,0.0,160.76,0.0,-7.24,-15.78,180.96
2003-01-01,146.0,31104.01,10.94,151.54,0.0,1.15,-9.32,304.23
2003-01-02,145.0,31109.09,0.0,221.68,0.0,-0.17,-12.58,236.72
2003-01-03,143.0,31199.31,0.0,162.85,0.0,-5.73,-13.07,227.52
2003-01-04,142.0,31332.34,7.43,122.74,0.0,-3.93,-11.56,256.02
2003-01-05,145.0,31448.96,13.42,42.88,0.0,-6.48,-8.32,326.05
2003-01-06,146.0,31449.61,0.0,156.15,0.0,-2.75,-9.55,296.11
2003-01-07,144.0,31449.61,0.0,161.72,0.0,-3.47,-10.46,279.97
2003-01-08,141.0,31544.91,0.77,214.49,0.0,-5.47,-15.86,172.93
2003-01-09,138.0,31744.75,0.0,193.52,0.0,-4.45,-13.17,224.18
2003-01-10,134.0,31795.19,0.0,240.8,0.0,-5.3,-17.91,153.41
2003-01-11,131.0,31795.19,0.0,214.56,0.0,-9.86,-19.5,129.99
2003-01-12,128.0,31828.31,0.0,180.85,0.0,-11.67,-19.19,136.75
2003-01-13,125.0,32090.35,0.0,152.49,0.0,-8.83,-15.04,192.19
2003-01-14,122.0,32140.81,0.0,236.47,0.0,-5.35,-16.41,172.36
2003-01-15,119.0,32140.81,0.0,251.49,0.0,-11.45,-23.97,80.0
2003-01-16,117.0,32298.24,0.0,234.11,0.0,-13.02,-23.8,80.0
2003-01-17,115.0,32486.39,0.0,212.28,0.0,-12.39,-21.68,120.0
2003-01-18,114.0,32486.39,0.0,296.07,0.0,-6.71,-26.25,80.0
2003-01-19,113.0,32643.84,0.0,272.68,0.0,-12.6,-25.87,75.47
2003-01-20,111.0,32832.0,0.0,276.7,0.0,-8.89,-22.56,105.04
2003-01-21,110.0,32832.0,0.0,275.38,0.0,-8.51,-21.71,111.37
2003-01-22,108.0,32989.45,0.0,187.84,0.0,-17.94,-24.86,84.86
2003-01-23,108.0,33177.61,0.0,131.76,0.0,-20.15,-24.73,85.59
2003-01-24,106.0,33177.61,0.0,235.59,0.0,-14.19,-23.28,97.63
2003-01-25,105.0,33472.77,0.0,183.31,0.0,-12.74,-19.41,124.2
2003-01-26,104.0,33523.23,0.0,248.19,0.0,-8.34,-17.92,154.57
2003-01-27,103.0,33556.32,4.33,204.55,0.0,-5.23,-15.47,196.11
2003-01-28,101.0,33868.81,0.0,294.73,0.0,-13.5,-26.08,76.7
2003-01-29,100.0,33868.81,0.0,296.36,0.0,-12.68,-24.96,83.45
2003-01-30,99.0,34163.93,0.0,314.44,0.0,-6.46,-20.79,118.36
2003-01-31,98.0,34214.4,0.0,329.61,0.0,-4.8,-20.9,122.52
2003-02-01,97.0,34309.69,0.0,326.1,0.0,0.07,-15.93,180.84
2003-02-02,121.0,34559.99,9.71,186.78,0.0,0.76,-8.51,326.61
2003-02-03,145.0,34565.07,12.46,94.13,0.0,-1.12,-5.03,431.41
2003-02-04,139.0,34905.6,2.01,217.39,0.0,-0.41,-8.4,323.89
2003-02-05,152.0,34905.6,12.68,223.88,0.0,-0.31,-11.52,249.63
2003-02-06,135.0,35250.53,0.0,291.16,0.0,-8.04,-18.55,152.85
2003-02-07,126.0,35251.18,0.0,319.32,0.0,-7.08,-19.27,137.6
2003-02-08,121.0,35587.64,0.0,320.08,0.0,-5.79,-17.79,160.0
2003-02-09,117.0,35596.84,0.0,344.63,0.0,-4.36,-18.02,151.33
2003-02-10,113.0,35891.94,0.0,374.27,0.0,-2.4,-19.49,135.43
2003-02-11,110.0,35942.39,0.0,384.63,0.0,-3.06,-21.65,114.67
2003-02-12,108.0,36170.77,0.0,335.48,0.0,-13.53,-26.7,80.0
2003-02-13,106.0,36288.03,0.51,384.37,0.0,-8.94,-26.2,80.0
2003-02-14,103.0,36516.33,0.0,298.46,0.0,-19.73,-29.86,40.15
2003-02-15,101.0,36633.59,0.0,343.47,0.0,-17.43,-30.0,40.1
2003-02-16,100.0,36861.95,0.0,338.32,0.0,-17.89,-30.08,40.0
2003-02-17,98.0,36979.21,0.0,385.66,0.0,-14.54,-29.58,56.74
2003-02-18,96.0,37274.36,0.0,355.64,0.0,-11.36,-23.86,94.7
2003-02-19,95.0,37324.82,3.19,219.0,0.0,-5.71,-14.28,206.18
2003-02-20,95.0,37661.16,0.0,313.82,0.0,0.31,-9.58,294.48
2003-02-21,94.0,37670.37,0.0,264.04,0.0,2.56,-5.39,413.07
2003-02-22,99.0,38015.39,0.0,377.84,0.0,5.48,-8.19,333.47
2003-02-23,130.0,38016.04,7.28,230.36,0.0,2.15,-7.34,347.02
2003-02-24,131.0,38361.58,3.62,314.15,0.0,-1.1,-15.62,181.29
2003-02-25,119.0,38361.58,0.0,331.94,0.0,-5.37,-15.5,194.43
2003-02-26,113.0,38707.21,0.0,399.16,0.0,-12.61,-26.04,77.14
2003-02-27,110.0,38707.21,0.0,450.6,0.0,-9.76,-27.32,73.33
2003-02-28,108.0,39052.75,0.0,464.86,0.0,-3.71,-22.77,103.28
2003-03-01,107.0,39052.75,0.0,474.43,0.0,0.19,-20.2,126.73
2003-03-02,115.0,39398.43,0.0,449.23,0.0,2.13,-15.04,194.54
2003-03-03,131.0,39431.55,11.29,373.77,0.0,-0.29,-23.63,90.76
2003-03-04,128.0,39744.03,0.0,351.52,0.0,-17.83,-28.6,50.22
2003-03-05,122.0,40039.16,2.11,406.44,0.0,-5.78,-22.74,100.8
2003-03-06,122.0,40089.61,5.76,270.94,0.0,-2.4,-13.5,208.39
2003-03-07,117.0,40435.2,0.0,441.02,0.0,-8.89,-24.13,80.0
2003-03-08,115.0,40435.2,0.0,464.37,0.0,-2.58,-18.95,138.58
2003-03-09,112.0,40780.8,0.42,371.67,0.0,3.72,-7.71,339.69
2003-03-10,110.0,40780.8,0.0,532.12,0.0,0.52,-23.31,98.53
2003-03-11,107.0,41126.41,0.0,404.31,0.0,-10.63,-23.22,100.39
2003-03-12,105.0,41126.41,0.0,407.08,0.0,-3.18,-15.6,179.54
2003-03-13,102.0,41472.0,0.0,515.34,0.0,3.06,-16.6,171.43
2003-03-14,101.0,41808.4,0.0,438.04,0.0,-6.36,-19.89,131.6
2003-03-15,99.0,41817.61,0.0,398.39,0.0,-8.34,-19.75,133.03
2003-03-16,98.0,42163.18,0.0,480.36,0.0,0.22,-15.33,183.9
2003-03-17,96.0,42163.18,0.0,499.65,0.0,6.3,-10.55,276.3
2003-03-18,100.0,42508.8,0.0,438.07,0.0,10.27,-3.25,481.27
2003-03-19,113.0,42508.8,0.0,501.57,0.0,4.43,-11.97,243.23
2003-03-20,207.0,42854.38,0.0,464.15,0.0,2.44,-11.75,251.17
2003-03-21,327.0,42854.38,16.17,350.38,0.0,5.58,-8.69,322.07
2003-03-22,620.0,43199.99,0.0,362.0,0.0,8.45,-1.76,542.94
2003-03-23,1150.0,43545.62,5.66,269.59,0.0,8.12,-1.96,534.17
2003-03-24,1500.0,43545.62,0.07,213.39,0.0,4.41,-0.99,569.53
2003-03-25,1510.0,43891.22,0.0,396.09,0.0,8.08,-2.9,497.17
2003-03-26,1580.0,43891.22,0.0,266.78,0.0,4.95,-1.86,538.1
2003-03-27,2230.0,44236.77,7.96,210.06,0.0,4.83,-2.2,522.04
2003-03-28,2540.0,44236.77,0.0,432.77,0.0,6.88,-4.81,426.03
2003-03-29,2420.0,44582.39,0.0,478.4,0.0,9.58,-3.65,466.43
2003-03-30,2610.0,44591.59,11.31,324.76,0.0,11.41,0.02,612.08
2003-03-31,1860.0,44928.0,9.36,280.28,0.0,1.81,-6.97,360.15
2003-04-01,1380.0,45273.58,0.0,453.81,0.0,-1.71,-12.65,234.01
2003-04-02,1110.0,45273.58,0.0,462.07,0.0,-0.16,-10.86,271.7
2003-04-03,934.0,45619.2,0.0,374.58,0.0,2.97,-5.22,418.71
2003-04-04,782.0,45619.2,0.0,531.61,0.0,3.92,-9.21,305.76
2003-04-05,674.0,45964.78,1.36,292.64,0.0,-2.69,-8.89,307.93
2003-04-06,588.0,45964.78,12.2,173.3,0.0,-4.59,-8.96,311.57
2003-04-07,519.0,46310.4,0.0,513.03,0.0,-2.14,-13.11,226.36
2003-04-08,476.0,46319.61,0.0,541.93,0.0,1.53,-10.64,277.21
2003-04-09,446.0,46655.98,0.0,382.63,0.0,1.29,-5.88,395.75
2003-04-10,430.0,46968.5,0.0,574.22,0.0,3.57,-9.01,305.33
2003-04-11,579.0,47001.61,0.0,665.88,0.0,10.77,-8.12,284.45
2003-04-12,833.0,47347.21,0.0,605.33,0.0,9.49,-4.5,392.75
2003-04-13,1790.0,47347.21,0.0,634.18,0.0,14.83,-1.19,455.1
2003-04-14,1760.0,47692.81,0.0,617.85,0.0,7.07,-7.52,315.06
2003-04-15,1930.0,47692.81,2.34,490.83,0.0,10.59,-0.98,534.99
2003-04-16,3620.0,48038.43,2.53,584.82,0.0,21.97,2.81,591.9
2003-04-17,2620.0,48038.43,0.44,683.8,0.0,7.48,-11.78,223.82
2003-04-18,1640.0,48383.99,0.0,603.05,0.0,1.67,-11.45,254.56
2003-04-19,1070.0,48384.63,0.0,551.37,0.0,5.39,-5.91,377.88
2003-04-20,942.0,48729.61,0.0,670.78,0.0,15.33,-2.33,407.95
2003-04-21,1280.0,48738.8,0.0,669.68,0.0,18.35,0.22,471.53
2003-04-22,1470.0,49075.17,0.0,623.39,0.0,16.77,1.45,546.79
2003-04-23,1520.0,49125.64,6.71,261.4,0.0,9.93,3.23,777.27
2003-04-24,1550.0,49420.8,2.17,359.29,0.0,7.71,0.55,638.83
2003-04-25,1140.0,49538.05,0.22,299.93,0.0,3.73,-1.7,542.99
2003-04-26,920.0,49766.37,0.0,546.29,0.0,8.77,-2.65,475.71
2003-04-27,1310.0,49883.64,10.79,242.95,0.0,5.45,-0.48,590.69
2003-04-28,1510.0,50112.02,0.0,587.56,0.0,12.52,-0.64,520.54
2003-04-29,1320.0,50229.28,0.0,680.48,0.0,23.3,3.6,595.03
2003-04-30,1160.0,50457.61,0.0,679.87,0.0,17.03,-1.67,431.13
2003-05-01,903.0,50508.05,3.02,432.87,0.0,10.9,-2.08,530.28
2003-05-02,1450.0,50803.2,7.82,302.77,0.0,8.44,0.38,635.42
2003-05-03,2950.0,50812.41,22.97,274.92,0.0,7.26,0.16,617.87
2003-05-04,1880.0,51148.82,0.0,621.32,0.0,12.23,-2.79,454.52
2003-05-05,1120.0,51149.46,0.0,691.46,0.0,18.17,-1.97,427.65
2003-05-06,884.0,51494.41,0.0,622.74,0.0,19.57,3.49,647.57
2003-05-07,1020.0,51494.41,6.45,195.8,0.0,9.64,4.44,844.36
2003-05-08,955.0,51834.94,0.0,555.92,0.0,13.16,0.42,567.06
2003-05-09,805.0,51840.02,1.38,564.51,0.0,17.79,1.16,580.84
2003-05-10,730.0,52028.15,0.0,402.86,0.0,11.29,2.71,727.02
2003-05-11,623.0,52185.6,0.0,557.47,0.0,12.29,-0.44,538.24
2003-05-12,760.0,52236.07,12.79,463.83,0.0,18.27,2.19,673.54
2003-05-13,1120.0,52531.21,4.91,151.89,0.0,6.86,3.18,776.93
2003-05-14,1330.0,52531.21,7.87,238.09,0.0,9.7,3.58,793.63
2003-05-15,971.0,52843.69,2.37,293.68,0.0,9.96,3.73,800.07
2003-05-16,777.0,52876.79,0.0,414.77,0.0,12.63,4.4,821.28
2003-05-17,644.0,52927.26,0.0,674.21,0.0,15.99,-1.64,468.87
2003-05-18,552.0,53222.38,0.0,687.92,0.0,19.93,0.27,511.76
2003-05-19,485.0,53222.38,0.0,698.35,0.0,25.76,3.03,588.95
2003-05-20,435.0,53410.52,0.0,695.25,0.0,27.4,4.27,632.96
2003-05-21,394.0,53568.0,0.0,671.04,0.0,27.27,6.5,749.28
2003-05-22,377.0,53568.0,1.74,531.19,0.0,16.35,4.43,781.42
2003-05-23,340.0,53756.18,0.0,440.47,0.0,13.86,4.41,835.29
2003-05-24,333.0,53913.64,1.68,284.92,0.0,11.87,6.15,945.18
2003-05-25,462.0,53913.64,6.29,213.52,0.0,11.6,5.94,933.54
2003-05-26,584.0,54101.75,2.3,360.77,0.0,13.74,5.65,916.52
2003-05-27,778.0,54259.19,10.18,192.17,0.0,13.12,7.98,1080.6
2003-05-28,749.0,54259.19,0.0,485.85,0.0,16.81,6.14,931.1
2003-05-29,619.0,54309.67,3.6,295.86,0.0,15.54,7.99,1084.47
2003-05-30,610.0,54571.76,3.58,265.3,0.0,15.67,8.61,1129.55
2003-05-31,702.0,54604.85,3.29,323.35,0.0,18.33,9.23,1178.74
2003-06-01,575.0,54604.85,0.59,466.28,0.0,19.95,10.01,1206.97
2003-06-02,634.0,54655.29,4.47,256.1,0.0,14.24,7.46,1037.02
2003-06-03,578.0,54855.09,0.0,585.05,0.0,17.12,3.0,689.87
2003-06-04,441.0,54950.4,0.0,631.05,0.0,18.28,1.69,604.38
2003-06-05,392.0,54950.4,5.73,478.8,0.0,21.24,2.63,712.6
2003-06-06,1610.0,54951.04,22.49,231.77,0.0,13.4,7.24,1023.37
2003-06-07,1300.0,55067.66,0.0,559.07,0.0,22.66,8.88,1057.68
2003-06-08,885.0,55200.73,0.0,531.25,0.0,21.47,8.85,1094.06
2003-06-09,590.0,55290.93,0.0,447.22,0.0,20.36,10.42,1260.83
2003-06-10,563.0,55296.02,4.55,242.91,0.0,16.57,10.1,1247.9
2003-06-11,505.0,55296.02,0.0,518.4,0.0,18.63,6.74,958.93
2003-06-12,430.0,55296.02,0.0,484.85,0.0,19.64,8.5,1101.09
2003-06-13,364.0,55305.22,0.0,604.42,0.0,22.47,4.41,766.34
2003-06-14,1200.0,55346.46,28.57,394.55,0.0,20.49,6.51,984.86
2003-06-15,1890.0,55413.27,7.62,150.22,0.0,12.87,8.76,1140.54
2003-06-16,1250.0,55484.16,5.86,406.27,0.0,16.75,3.49,788.53
2003-06-17,750.0,55546.3,0.0,560.3,0.0,21.37,5.53,896.76
2003-06-18,568.0,55546.3,0.0,571.61,0.0,24.58,7.18,995.26
2003-06-19,468.0,55608.45,0.0,528.43,0.0,23.0,8.79,1148.2
2003-06-20,398.0,55608.45,0.0,482.1,0.0,22.68,10.57,1271.74
2003-06-21,333.0,55608.45,0.0,562.85,0.0,23.89,7.16,976.91
2003-06-22,283.0,55608.45,0.0,539.83,0.0,26.45,10.07,1194.26
2003-06-23,263.0,55608.45,0.02,463.35,0.0,22.95,10.97,1316.49
2003-06-24,247.0,55608.45,1.46,445.98,0.0,24.89,11.78,1364.91
2003-06-25,231.0,55546.3,0.0,533.36,0.0,31.88,13.04,1407.04
2003-06-26,273.0,55484.16,0.0,485.72,0.0,31.79,15.73,1704.47
2003-06-27,213.0,55413.27,0.0,461.13,0.0,32.98,17.66,1958.08
2003-06-28,219.0,55346.46,10.06,375.43,0.0,31.23,13.2,1523.48
2003-06-29,203.0,55305.22,0.0,467.02,0.0,26.38,11.42,1321.43
2003-06-30,178.0,55296.67,4.65,350.05,0.0,28.04,12.32,1445.78
2003-07-01,173.0,55296.02,0.0,463.84,0.0,25.29,10.23,1223.39
2003-07-02,148.0,55296.02,0.0,437.46,0.0,25.03,11.11,1325.06
2003-07-03,110.0,55296.02,0.82,375.77,0.0,23.39,11.71,1370.37
2003-07-04,104.0,55262.94,0.0,442.88,0.0,27.79,13.22,1508.75
2003-07-05,104.0,55138.57,3.69,342.43,0.0,30.04,16.11,1811.85
2003-07-06,117.0,54959.6,5.57,278.5,0.0,28.32,16.56,1879.05
2003-07-07,118.0,54950.4,0.0,457.69,0.0,27.27,11.85,1361.43
2003-07-08,159.0,54950.4,12.07,316.72,0.0,26.62,12.8,1495.69
2003-07-09,233.0,54945.33,6.77,312.39,0.0,27.15,13.48,1547.69
2003-07-10,171.0,54792.97,0.0,454.08,0.0,22.15,7.21,1014.66
2003-07-11,128.0,54614.05,5.88,312.54,0.0,21.94,8.43,1123.99
2003-07-12,259.0,54604.85,16.56,104.19,0.0,13.36,9.84,1228.44
2003-07-13,221.0,54604.85,0.15,395.25,0.0,24.04,11.78,1382.65
2003-07-14,203.0,54447.39,0.0,394.8,0.0,22.91,10.72,1297.85
2003-07-15,174.0,54259.84,0.0,463.63,0.0,25.66,9.52,1205.47
2003-07-16,156.0,54259.19,0.0,447.21,0.0,26.1,10.46,1281.35
2003-07-17,135.0,54226.06,1.3,214.15,0.0,18.96,12.72,1476.36
2003-07-18,100.0,53922.84,0.0,376.61,0.0,25.34,13.58,1566.48
2003-07-19,90.0,53913.64,1.7,433.59,0.0,23.95,7.98,1088.3
2003-07-20,82.0,53908.55,0.0,425.08,0.0,23.17,9.53,1205.15
2003-07-21,77.0,53618.48,0.0,417.01,0.0,25.27,11.63,1383.72
2003-07-22,77.0,53568.0,4.77,241.29,0.0,23.73,14.16,1629.41
2003-07-23,99.0,53562.93,12.88,231.47,0.0,25.32,16.0,1828.91
2003-07-24,227.0,53231.59,12.26,148.24,0.0,22.29,16.77,1912.65
2003-07-25,289.0,53222.38,9.22,217.66,0.0,23.89,15.69,1782.38
2003-07-26,257.0,53127.1,0.0,398.19,0.0,25.54,13.47,1544.7
2003-07-27,193.0,52876.79,0.0,335.46,0.0,25.55,15.87,1807.3
2003-07-28,173.0,52876.79,1.5,396.54,0.0,24.07,12.44,1448.07
2003-07-29,156.0,52581.65,0.0,367.69,0.0,19.24,9.24,1181.24
2003-07-30,141.0,52531.21,0.0,453.01,0.0,23.64,9.57,1207.69
2003-07-31,132.0,52498.07,0.0,457.67,0.0,24.71,10.21,1258.98
2003-08-01,127.0,52185.6,0.0,460.62,0.0,26.02,10.91,1313.78
2003-08-02,137.0,52185.6,11.62,164.95,0.0,18.37,12.85,1486.73
2003-08-03,152.0,51840.66,0.42,212.76,0.0,18.49,13.26,1537.65
2003-08-04,136.0,51840.02,2.22,311.5,0.0,25.44,16.38,1869.51
2003-08-05,108.0,51611.68,2.08,246.32,0.0,25.22,18.67,2156.74
2003-08-06,263.0,51494.41,11.59,150.5,0.0,23.7,18.73,2163.74
2003-08-07,448.0,51399.12,5.39,289.95,0.0,24.92,14.64,1679.03
2003-08-08,323.0,51148.82,0.0,365.68,0.0,25.43,15.51,1780.4
2003-08-09,255.0,51115.67,0.32,263.61,0.0,23.49,17.01,1945.05
2003-08-10,414.0,50803.2,21.29,254.98,0.0,27.22,18.21,2098.78
2003-08-11,764.0,50798.11,18.1,232.45,0.0,27.06,18.99,2200.18
2003-08-12,504.0,50457.61,3.63,247.04,0.0,26.7,18.34,2113.72
2003-08-13,357.0,50457.61,0.0,300.98,0.0,25.89,18.36,2110.3
2003-08-14,265.0,50112.02,0.1,423.98,0.0,28.45,15.83,1786.87
2003-08-15,209.0,50112.02,0.0,480.32,0.0,26.56,10.58,1286.12
2003-08-16,173.0,49766.37,0.0,470.79,0.0,28.05,11.91,1408.04
2003-08-17,157.0,49766.37,0.0,460.12,0.0,26.9,11.88,1394.68
2003-08-18,147.0,49420.8,1.29,409.87,0.0,24.63,11.4,1351.85
2003-08-19,138.0,49420.8,0.0,458.83,0.0,24.97,10.32,1265.25
2003-08-20,131.0,49075.17,0.0,457.9,0.0,27.26,11.91,1411.13
2003-08-21,114.0,49075.17,0.0,370.04,0.0,27.03,16.43,1873.44
2003-08-22,75.0,48729.61,0.0,428.62,0.0,28.75,14.69,1673.07
2003-08-23,68.0,48729.61,0.0,437.99,0.0,27.94,13.1,1496.55
2003-08-24,62.0,48383.99,0.0,428.87,0.0,19.42,6.49,971.58
2003-08-25,59.0,48378.89,0.0,370.39,0.0,17.44,7.22,1034.24
2003-08-26,59.0,48038.43,0.0,200.09,0.0,16.59,11.72,1378.23
2003-08-27,63.0,47881.02,2.61,324.76,0.0,23.73,12.6,1464.93
2003-08-28,60.0,47692.81,0.33,428.51,0.0,23.55,9.52,1201.59
2003-08-29,56.0,47397.64,0.0,379.47,0.0,16.97,6.19,946.25
2003-08-30,58.0,47347.21,4.62,270.67,0.0,21.01,10.75,1300.39
2003-08-31,62.0,47001.61,0.0,457.78,0.0,18.32,2.73,747.24
2003-09-01,60.0,47001.61,0.0,444.72,0.0,19.15,4.19,834.97
2003-09-02,57.0,46655.98,0.0,376.92,0.0,19.97,8.48,1118.39
2003-09-03,54.0,46655.98,0.0,379.74,0.0,19.05,7.24,1018.95
2003-09-04,84.0,46310.4,16.42,303.58,0.0,21.48,7.64,1056.29
2003-09-05,154.0,46310.4,7.22,197.69,0.0,16.76,9.24,1179.75
2003-09-06,158.0,45964.78,0.0,388.03,0.0,20.32,7.33,1029.92
2003-09-07,135.0,45931.68,0.0,403.1,0.0,21.87,7.58,1046.65
2003-09-08,121.0,45619.2,0.0,431.87,0.0,21.27,4.29,835.46
2003-09-09,97.0,45273.58,0.0,444.21,0.0,19.95,1.32,675.78
2003-09-10,61.0,45273.58,0.0,426.75,0.0,17.59,0.57,643.93
2003-09-11,57.0,44928.0,0.0,421.35,0.0,21.81,4.01,823.08
2003-09-12,54.0,44928.0,0.0,392.68,0.0,24.06,7.71,1059.67
2003-09-13,53.0,44582.39,0.0,398.88,0.0,23.6,6.58,966.45
2003-09-14,54.0,44582.39,0.0,387.85,0.0,24.94,8.06,1094.99
2003-09-15,51.0,44236.77,0.0,329.73,0.0,26.55,13.08,1519.49
2003-09-16,59.0,44236.77,0.38,291.55,0.0,26.02,14.64,1664.11
2003-09-17,211.0,43891.22,26.79,206.67,0.0,17.91,7.99,1078.86
2003-09-18,147.0,43545.62,0.0,367.44,0.0,20.66,5.71,916.63
2003-09-19,100.0,43545.62,0.0,376.02,0.0,21.9,5.86,927.08
2003-09-20,114.0,43199.99,10.28,203.26,0.0,18.88,8.94,1163.13
2003-09-21,202.0,43199.99,6.78,271.02,0.0,22.13,6.86,997.04
2003-09-22,156.0,42854.38,0.0,328.0,0.0,20.12,6.91,1011.69
2003-09-23,126.0,42854.38,0.0,298.17,0.0,19.95,8.17,1104.87
2003-09-24,516.0,42508.8,22.31,150.89,0.0,15.84,8.68,1134.12
2003-09-25,329.0,42168.24,0.0,313.04,0.0,18.15,5.48,900.02
2003-09-26,211.0,42163.18,3.36,249.92,0.0,20.21,5.85,930.9
2003-09-27,165.0,41817.61,0.32,238.49,0.0,16.49,7.25,1035.56
2003-09-28,167.0,41817.61,4.17,152.53,0.0,18.87,11.69,1385.7
2003-09-29,441.0,41472.0,18.76,152.15,0.0,18.72,11.0,1319.63
2003-09-30,430.0,41472.0,1.47,275.94,0.0,17.19,6.04,924.18
2003-10-01,317.0,41126.41,0.0,334.04,0.0,14.75,0.43,624.9
2003-10-02,253.0,41126.41,0.09,250.56,0.0,10.94,1.45,676.46
2003-10-03,220.0,40780.8,5.45,221.91,0.0,12.29,0.62,639.76
2003-10-04,214.0,40468.26,0.0,257.89,0.0,10.36,0.46,624.86
2003-10-05,1510.0,40435.2,22.98,196.49,0.0,10.23,-0.08,607.57
2003-10-06,866.0,40089.61,6.19,207.17,0.0,9.96,-0.42,591.09
2003-10-07,588.0,40089.61,0.0,252.3,0.0,7.67,-2.28,515.25
2003-10-08,416.0,39744.03,0.0,317.73,0.0,11.57,-2.56,510.81
2003-10-09,329.0,39744.03,0.0,312.44,0.0,19.16,4.5,844.64
2003-10-10,281.0,39398.43,0.0,308.13,0.0,19.51,5.01,879.31
2003-10-11,249.0,39398.43,0.0,325.17,0.0,21.83,4.92,876.0
2003-10-12,234.0,39052.75,0.0,337.32,0.0,23.74,3.83,810.48
2003-10-13,355.0,39002.29,15.89,234.05,0.0,20.73,4.28,835.05
2003-10-14,305.0,38707.21,0.0,299.7,0.0,15.54,1.04,660.7
2003-10-15,1450.0,38519.06,9.74,229.09,0.0,16.89,1.07,669.28
2003-10-16,2520.0,38361.58,33.66,194.29,0.0,15.07,3.08,769.68
2003-10-17,1420.0,38049.09,4.03,190.23,0.0,9.81,0.37,624.06
2003-10-18,928.0,38016.04,0.0,181.49,0.0,7.84,0.51,637.04
2003-10-19,603.0,37670.37,2.7,158.18,0.0,7.36,0.39,630.0
2003-10-20,502.0,37670.37,0.0,232.29,0.0,5.43,-4.65,440.0
2003-10-21,1910.0,37324.82,24.9,198.32,0.0,7.4,-4.44,445.9
2003-10-22,3610.0,37324.82,28.32,65.79,0.0,1.69,-1.44,553.13
2003-10-23,2220.0,36979.21,1.55,67.87,0.0,0.42,-1.75,540.72
2003-10-24,1490.0,36979.21,1.65,74.22,0.0,0.59,-1.92,533.88
2003-10-25,972.0,36633.59,0.0,156.02,0.0,1.98,-3.88,450.38
2003-10-26,697.0,36633.59,0.0,206.15,0.0,5.7,-2.34,521.1
2003-10-27,1920.0,36288.03,13.56,160.23,0.0,12.16,3.26,782.75
2003-10-28,6700.0,36288.03,29.44,161.09,0.0,14.09,4.83,866.18
2003-10-29,6150.0,35942.39,13.43,155.18,0.0,11.1,2.25,721.82
2003-10-30,7580.0,35942.39,33.22,172.0,0.0,14.88,4.23,818.12
2003-10-31,3610.0,35601.92,0.0,233.89,0.0,10.19,-0.54,587.11
2003-11-01,1930.0,35596.84,0.0,257.93,0.0,13.93,0.26,628.57
2003-11-02,1140.0,35284.34,0.0,276.09,0.0,17.82,-0.74,585.55
2003-11-03,1110.0,35251.18,1.15,107.14,0.0,4.7,0.15,624.78
2003-11-04,1090.0,35063.02,3.62,123.46,0.0,6.95,-0.26,601.13
2003-11-05,890.0,34905.6,2.82,94.72,0.0,0.18,-4.49,443.51
2003-11-06,910.0,34788.34,2.15,226.33,0.0,9.76,-2.8,504.38
2003-11-07,846.0,34559.99,0.0,165.7,0.0,7.5,0.14,614.03
2003-11-08,744.0,34559.35,0.0,251.42,0.0,7.19,-7.24,356.63
2003-11-09,618.0,34214.4,0.0,109.46,0.0,-4.9,-9.29,303.31
2003-11-10,553.0,34214.4,0.0,184.46,0.0,-1.68,-9.65,297.56
2003-11-11,536.0,33901.92,0.0,208.13,0.0,4.67,-4.97,423.99
2003-11-12,538.0,33868.81,2.0,161.57,0.0,4.86,-2.1,526.61
2003-11-13,1610.0,33818.36,13.09,143.05,0.0,8.41,-0.31,597.85
2003-11-14,2300.0,33523.23,11.23,180.11,0.0,6.56,-5.96,394.39
2003-11-15,1500.0,33523.23,0.0,74.15,0.0,-5.03,-7.61,350.98
2003-11-16,881.0,33272.91,0.0,134.68,0.0,-2.8,-7.88,337.23
2003-11-17,605.0,33177.61,0.0,241.95,0.0,1.36,-11.45,255.67
2003-11-18,566.0,33168.4,0.0,232.11,0.0,2.4,-9.62,294.01
2003-11-19,580.0,32837.07,0.0,243.7,0.0,7.12,-8.42,327.77
2003-11-20,3520.0,32832.0,12.85,145.39,0.0,12.34,2.72,744.14
2003-11-21,4390.0,32781.54,29.58,92.5,0.0,7.48,2.06,709.29
2003-11-22,2570.0,32491.47,0.0,195.38,0.0,8.4,-1.63,544.46
2003-11-23,1750.0,32486.39,0.0,209.03,0.0,6.87,-5.08,417.49
2003-11-24,1320.0,32477.18,0.0,214.69,0.0,6.91,-6.24,386.84
2003-11-25,946.0,32173.93,2.0,196.9,0.0,7.07,-4.18,443.64
2003-11-26,730.0,32140.81,0.0,154.0,0.0,1.65,-6.11,387.52
2003-11-27,776.0,32140.17,0.0,161.11,0.0,2.19,-6.13,390.45
2003-11-28,904.0,31952.65,5.2,150.39,0.0,5.43,-5.55,409.98
2003-11-29,3060.0,31795.19,27.93,146.0,0.0,13.12,0.46,633.97
2003-11-30,2470.0,31795.19,1.33,188.41,0.0,9.04,-4.84,432.46
2003-12-01,1760.0,31785.99,3.57,65.99,0.0,1.76,-1.54,555.57
2003-12-02,1250.0,31607.04,0.84,207.73,0.0,1.8,-11.44,255.96
2003-12-03,774.0,31454.68,0.0,124.67,0.0,-8.7,-14.58,201.49
2003-12-04,536.0,31449.61,0.0,127.71,0.0,-8.36,-14.42,204.05
2003-12-05,481.0,31449.61,0.0,172.04,0.0,-7.47,-16.72,167.0
2003-12-06,454.0,31440.4,0.0,188.87,0.0,-7.39,-18.31,146.87
2003-12-07,490.0,31261.45,42.63,92.98,0.0,-8.12,-13.73,217.1
2003-12-08,1230.0,31137.12,19.52,51.25,0.0,-6.22,-8.55,320.0
2003-12-09,1330.0,31104.01,0.0,224.91,0.0,-3.34,-17.77,151.9
2003-12-10,1200.0,31104.01,0.0,229.81,0.0,-4.91,-21.2,115.52
2003-12-11,1370.0,31104.01,0.0,237.09,0.0,0.49,-21.86,106.5
2003-12-12,4370.0,31103.37,31.95,132.32,0.0,6.91,-3.16,480.87
2003-12-13,3090.0,31094.8,0.0,203.3,0.0,-2.27,-14.8,200.0
2003-12-14,2220.0,31053.55,0.0,165.63,0.0,-12.45,-21.24,114.7
2003-12-15,1770.0,30986.76,23.17,152.94,0.0,-7.97,-20.43,126.06
2003-12-16,1430.0,30915.86,10.86,61.76,0.0,-5.32,-9.13,308.65
2003-12-17,1210.0,30853.71,0.0,191.25,0.0,-1.12,-12.7,236.44
2003-12-18,13700.0,30791.53,64.12,176.77,0.0,8.21,-9.99,291.58
2003-12-19,7650.0,30791.53,0.0,184.39,0.0,-0.18,-10.01,288.75
2003-12-20,4590.0,30791.53,0.0,160.88,0.0,-3.16,-11.13,259.5
2003-12-21,2950.0,30791.53,0.0,214.66,0.0,-5.61,-18.29,147.37
2003-12-22,2180.0,30791.53,0.0,209.89,0.0,-3.84,-16.07,178.22
2003-12-23,1700.0,30791.53,0.0,89.69,0.0,-0.62,-4.8,425.6
2003-12-24,1420.0,30853.71,0.0,144.09,0.0,3.32,-3.91,447.26
2003-12-25,4280.0,30853.71,14.85,145.69,0.0,8.45,-2.66,506.74
2003-12-26,4940.0,30915.86,12.01,113.14,0.0,4.65,-2.86,498.45
2003-12-27,3460.0,30986.76,1.61,78.34,0.0,-1.35,-4.54,439.86
2003-12-28,2040.0,31053.55,0.0,216.75,0.0,-0.57,-12.95,231.47
2003-12-29,1380.0,31094.8,0.0,235.91,0.0,2.63,-13.02,229.11
2003-12-30,1160.0,31104.01,0.0,239.13,0.0,6.8,-10.64,276.42
2003-12-31,1010.0,31104.01,0.0,118.42,0.0,2.54,-3.11,481.45
2004-01-01,896.0,31104.01,0.0,115.46,0.0,-0.69,-6.25,387.49
2004-01-02,809.0,31109.09,0.0,183.55,0.0,-0.79,-10.75,266.8
2004-01-03,737.0,31199.31,4.16,84.28,0.0,-6.14,-11.41,259.03
2004-01-04,705.0,31332.34,5.1,125.26,0.0,2.28,-6.27,375.73
2004-01-05,648.0,31448.96,0.0,181.18,0.0,2.2,-7.35,350.76
2004-01-06,569.0,31449.61,2.77,108.57,0.0,-4.8,-10.69,270.03
2004-01-07,521.0,31449.61,0.0,227.61,0.0,-5.44,-19.58,133.87
2004-01-08,484.0,31544.91,0.0,237.48,0.0,-11.44,-27.01,70.02
2004-01-09,456.0,31744.75,0.0,164.56,0.0,-21.02,-28.66,58.14
2004-01-10,425.0,31795.19,0.0,173.13,0.0,-21.15,-29.15,58.14
2004-01-11,402.0,31795.19,0.0,167.25,0.0,-19.77,-27.56,72.87
2004-01-12,380.0,31828.31,2.31,191.92,0.0,-12.57,-23.8,94.15
2004-01-13,363.0,32090.35,0.18,219.01,0.0,-5.81,-17.16,160.0
2004-01-14,349.0,32140.81,1.96,263.14,0.0,-7.81,-30.51,44.36
2004-01-15,334.0,32140.81,0.0,129.32,0.0,-25.38,-30.71,44.12
2004-01-16,323.0,32298.24,0.0,168.11,0.0,-23.28,-30.46,49.58
2004-01-17,312.0,32486.39,0.0,239.9,0.0,-11.94,-24.48,88.89
2004-01-18,305.0,32486.39,0.0,182.43,0.0,-7.45,-15.37,188.22
2004-01-19,299.0,32643.84,3.33,115.97,0.0,-7.73,-13.94,209.5
2004-01-20,287.0,32832.0,0.0,108.03,0.0,-9.96,-14.17,208.04
2004-01-21,281.0,32832.0,0.0,163.8,0.0,-9.12,-15.75,182.29
2004-01-22,275.0,32989.45,0.0,230.1,0.0,-9.11,-19.51,134.24
2004-01-23,264.0,33177.61,0.0,248.52,0.0,-7.52,-19.48,134.04
2004-01-24,246.0,33177.61,0.0,226.08,0.0,-14.9,-24.65,85.49
2004-01-25,226.0,33472.77,0.0,228.88,0.0,-18.04,-27.7,65.19
2004-01-26,209.0,33523.23,0.0,229.5,0.0,-18.68,-28.29,62.09
2004-01-27,197.0,33556.32,0.0,272.48,0.0,-14.58,-27.93,68.0
2004-01-28,191.0,33868.81,0.0,304.3,0.0,-6.42,-26.14,75.63
2004-01-29,189.0,33868.81,0.0,279.01,0.0,-6.31,-19.86,132.3
2004-01-30,182.0,34163.93,0.0,182.87,0.0,-10.31,-16.98,166.19
2004-01-31,168.0,34214.4,0.0,201.85,0.0,-12.56,-20.15,119.44
2004-02-01,162.0,34309.69,0.0,219.64,0.0,-10.78,-18.96,138.64
2004-02-02,158.0,34559.99,0.0,257.88,0.0,-3.19,-14.22,198.39
2004-02-03,161.0,34565.07,0.0,312.98,0.0,0.82,-15.9,173.45
2004-02-04,185.0,34905.6,13.95,242.14,0.0,2.45,-16.23,175.85
2004-02-05,242.0,34905.6,0.0,297.71,0.0,0.57,-13.28,221.61
2004-02-06,240.0,35250.53,0.0,210.78,0.0,-6.86,-14.5,203.12
2004-02-07,259.0,35251.18,9.49,113.03,0.0,-7.13,-12.09,246.44
2004-02-08,251.0,35587.64,1.65,333.31,0.0,-1.87,-17.96,152.98
2004-02-09,238.0,35596.84,0.0,293.0,0.0,-8.77,-20.42,118.1
2004-02-10,225.0,35891.94,0.0,291.45,0.0,-1.01,-12.56,234.83
2004-02-11,212.0,35942.39,0.01,294.1,0.0,2.06,-9.44,284.72
2004-02-12,201.0,36170.77,0.0,342.24,0.0,-2.29,-17.65,153.07
2004-02-13,194.0,36288.03,0.0,338.66,0.0,-4.77,-18.83,139.4
2004-02-14,192.0,36516.33,0.0,235.98,0.0,-0.73,-8.82,310.55
2004-02-15,190.0,36633.59,0.0,387.87,0.0,0.53,-24.48,86.97
2004-02-16,184.0,36861.95,0.0,326.77,0.0,-14.31,-27.11,73.73
2004-02-17,181.0,36979.21,0.0,378.18,0.0,-10.1,-28.3,61.89
2004-02-18,178.0,37274.36,0.0,382.26,0.0,-7.54,-26.33,72.6
2004-02-19,178.0,37324.82,0.0,386.18,0.0,0.53,-19.75,133.09
2004-02-20,176.0,37661.16,0.0,331.75,0.0,-0.87,-14.48,202.77
2004-02-21,176.0,37670.37,2.67,279.66,0.0,2.5,-11.72,253.78
2004-02-22,199.0,38015.39,9.97,105.97,0.0,-2.73,-7.37,352.57
2004-02-23,223.0,38016.04,6.65,91.23,0.0,-3.24,-6.89,360.0
2004-02-24,218.0,38361.58,0.0,341.12,0.0,-2.22,-15.39,198.15
2004-02-25,198.0,38361.58,0.0,382.23,0.0,-0.82,-16.58,160.05
2004-02-26,176.0,38707.21,0.0,379.59,0.0,-0.66,-15.81,180.71
2004-02-27,165.0,38707.21,0.0,356.13,0.0,-2.85,-15.98,177.57
2004-02-28,158.0,39052.75,0.0,395.97,0.0,0.66,-15.08,192.31
2004-02-29,158.0,39052.75,0.0,369.04,0.0,3.27,-10.74,269.65
2004-03-01,163.0,39398.43,0.0,401.55,0.0,6.39,-10.09,288.82
2004-03-02,176.0,39431.55,0.0,333.79,0.0,7.15,-4.87,432.21
2004-03-03,206.0,39744.03,0.72,240.21,0.0,6.32,-1.5,558.68
2004-03-04,261.0,40039.16,0.0,266.2,0.0,2.69,-5.72,402.78
2004-03-05,292.0,40089.61,0.0,257.92,0.0,2.34,-5.48,411.31
2004-03-06,511.0,40435.2,12.78,100.6,0.0,1.76,-1.89,532.79
2004-03-07,984.0,40435.2,0.34,340.65,0.0,5.07,-5.77,400.29
2004-03-08,921.0,40780.8,0.0,291.05,0.0,-0.84,-9.4,302.1
2004-03-09,774.0,40780.8,0.0,373.59,0.0,-2.12,-13.71,214.16
2004-03-10,658.0,41126.41,0.0,415.21,0.0,-0.36,-14.1,212.43
2004-03-11,589.0,41126.41,0.0,436.42,0.0,3.63,-11.53,257.11
2004-03-12,576.0,41472.0,0.0,421.57,0.0,6.63,-7.78,346.02
2004-03-13,548.0,41808.4,0.1,394.45,0.0,4.96,-7.57,349.61
2004-03-14,466.0,41817.61,0.0,318.16,0.0,-3.22,-12.04,245.31
2004-03-15,361.0,42163.18,1.79,387.92,0.0,2.38,-10.22,286.88
2004-03-16,313.0,42163.18,0.0,421.22,0.0,2.29,-10.61,276.95
2004-03-17,295.0,42508.8,0.0,375.81,0.0,-2.08,-12.64,235.63
2004-03-18,277.0,42508.8,0.0,380.38,0.0,-3.43,-13.59,218.85
2004-03-19,267.0,42854.38,0.0,427.95,0.0,-2.13,-13.95,212.82
2004-03-20,259.0,42854.38,0.08,483.86,0.0,0.53,-14.03,212.65
2004-03-21,253.0,43199.99,3.66,347.39,0.0,1.46,-11.23,263.6
2004-03-22,246.0,43545.62,0.0,531.81,0.0,3.73,-14.9,196.0
2004-03-23,240.0,43545.62,0.0,404.44,0.0,-8.78,-18.98,138.13
2004-03-24,237.0,43891.22,0.0,492.14,0.0,-1.11,-15.72,184.42
2004-03-25,233.0,43891.22,0.0,420.07,0.0,3.47,-7.62,331.77
2004-03-26,253.0,44236.77,1.97,269.76,0.0,4.61,-1.9,532.26
2004-03-27,918.0,44236.77,9.0,270.91,0.0,10.16,1.28,669.84
2004-03-28,2210.0,44582.39,0.0,348.57,0.0,7.34,-0.87,548.84
2004-03-29,1870.0,44591.59,0.0,515.33,0.0,8.44,-6.24,317.2
2004-03-30,1560.0,44928.0,0.0,498.4,0.0,7.36,-6.08,332.71
2004-03-31,1500.0,45273.58,0.0,503.73,0.0,8.26,-5.37,348.7
2004-04-01,1780.0,45273.58,5.38,337.43,0.0,8.12,-3.26,479.84
2004-04-02,2740.0,45619.2,6.55,285.91,0.0,7.36,-1.47,551.65
2004-04-03,4090.0,45619.2,18.1,125.27,0.0,1.81,-1.49,552.75
2004-04-04,2980.0,45964.78,0.0,207.98,0.0,4.37,0.16,615.61
2004-04-05,2870.0,45964.78,7.61,314.85,0.0,5.15,-4.42,443.78
2004-04-06,1970.0,46310.4,0.49,170.33,0.0,-3.58,-6.77,372.11
2004-04-07,1490.0,46319.61,0.0,386.05,0.0,1.27,-6.87,371.33
2004-04-08,1380.0,46655.98,0.0,488.89,0.0,6.43,-5.11,395.9
2004-04-09,1210.0,46968.5,0.0,526.08,0.0,9.01,-4.14,403.74
2004-04-10,1390.0,47001.61,0.0,491.21,0.0,7.63,-3.68,433.05
2004-04-11,1280.0,47347.21,0.0,452.23,0.0,1.94,-7.67,343.84
2004-04-12,831.0,47347.21,0.0,543.32,0.0,5.19,-8.01,307.71
2004-04-13,940.0,47692.81,5.21,422.1,0.0,8.59,-6.18,380.76
2004-04-14,4960.0,47692.81,32.23,327.74,0.0,7.91,-1.42,555.02
2004-04-15,4460.0,48038.43,4.65,347.72,0.0,10.67,0.52,635.48
2004-04-16,2960.0,48038.43,0.0,471.17,0.0,7.89,-2.46,507.95
2004-04-17,2070.0,48383.99,0.0,595.83,0.0,10.16,-6.43,356.72
2004-04-18,1910.0,48384.63,0.1,615.36,0.0,16.14,-3.85,405.66
2004-04-19,1830.0,48729.61,0.0,516.04,0.0,14.89,2.53,682.78
2004-04-20,2220.0,48738.8,0.06,613.11,0.0,22.88,2.01,564.54
2004-04-21,1490.0,49075.17,0.0,544.68,0.0,8.8,-4.46,422.43
2004-04-22,1140.0,49125.64,0.0,522.19,0.0,11.1,-1.24,534.64
2004-04-23,1130.0,49420.8,0.0,598.98,0.0,18.81,1.07,548.06
2004-04-24,924.0,49538.05,0.0,510.43,0.0,11.13,-0.81,551.69
2004-04-25,743.0,49766.37,1.07,555.77,0.0,7.32,-6.56,364.12
2004-04-26,770.0,49883.64,3.5,409.17,0.0,8.51,-5.46,413.29
2004-04-27,860.0,50112.02,4.07,177.59,0.0,4.73,0.03,618.65
2004-04-28,800.0,50229.28,2.6,489.53,0.0,14.3,-1.14,533.01
2004-04-29,696.0,50457.61,0.0,484.41,0.0,7.6,-3.57,466.69
2004-04-30,647.0,50508.05,0.0,608.73,0.0,18.77,0.26,533.45
2004-05-01,755.0,50803.2,0.0,608.93,0.0,25.74,5.27,706.96
2004-05-02,763.0,50812.41,0.0,587.64,0.0,26.83,7.75,845.25
2004-05-03,773.0,51148.82,4.92,389.67,0.0,24.24,10.45,1216.65
2004-05-04,1570.0,51149.46,21.14,376.51,0.0,15.08,1.61,688.19
2004-05-05,1740.0,51494.41,4.08,267.05,0.0,5.67,-1.39,555.99
2004-05-06,1250.0,51494.41,0.0,486.53,0.0,13.56,0.74,643.4
2004-05-07,950.0,51834.94,0.01,462.17,0.0,17.49,5.13,856.79
2004-05-08,628.0,51840.02,0.0,549.58,0.0,15.24,-1.19,517.21
2004-05-09,550.0,52028.15,0.0,467.28,0.0,12.67,0.23,617.91
2004-05-10,502.0,52185.6,0.0,579.61,0.0,18.56,-0.69,509.32
2004-05-11,479.0,52236.07,1.87,479.73,0.0,16.69,1.5,643.05
2004-05-12,457.0,52531.21,0.0,547.21,0.0,20.64,2.88,658.71
2004-05-13,422.0,52531.21,0.9,573.32,0.0,25.0,3.95,679.9
2004-05-14,392.0,52843.69,0.0,417.7,0.0,13.95,2.36,725.51
2004-05-15,375.0,52876.79,0.0,554.04,0.0,24.34,4.51,719.8
2004-05-16,417.0,52927.26,6.14,384.0,0.0,27.26,8.95,1100.74
2004-05-17,441.0,53222.38,1.04,440.83,0.0,17.46,4.19,816.28
2004-05-18,383.0,53222.38,0.0,477.45,0.0,21.85,6.48,912.45
2004-05-19,556.0,53410.52,12.13,283.2,0.0,18.86,7.82,1066.9
2004-05-20,484.0,53568.0,0.0,513.81,0.0,19.01,1.96,670.24
2004-05-21,422.0,53568.0,4.97,379.66,0.0,22.03,4.56,852.54
2004-05-22,389.0,53756.18,0.0,431.64,0.0,18.75,5.54,896.84
2004-05-23,415.0,53913.64,9.51,168.67,0.0,11.4,5.42,901.51
2004-05-24,718.0,53913.64,10.93,215.66,0.0,14.5,6.67,982.21
2004-05-25,2470.0,54101.75,17.43,90.14,0.0,9.27,6.47,965.62
2004-05-26,2230.0,54259.19,4.04,112.4,0.0,8.25,4.65,854.6
2004-05-27,1810.0,54259.19,3.0,117.5,0.0,8.16,4.37,840.18
2004-05-28,1160.0,54309.67,1.7,434.05,0.0,19.27,6.37,956.59
2004-05-29,853.0,54571.76,3.95,235.29,0.0,11.46,3.33,780.35
2004-05-30,701.0,54604.85,0.0,305.8,0.0,10.92,3.14,764.99
2004-05-31,578.0,54604.85,0.0,507.76,0.0,14.58,-1.03,569.78
2004-06-01,503.0,54655.29,0.0,511.26,0.0,17.93,1.73,694.87
2004-06-02,636.0,54855.09,6.8,118.88,0.0,7.71,4.22,832.7
2004-06-03,921.0,54950.4,6.22,242.53,0.0,10.99,3.26,782.58
2004-06-04,668.0,54950.4,0.0,424.94,0.0,16.13,4.75,860.96
2004-06-05,522.0,54951.04,0.0,510.44,0.0,17.36,1.59,680.8
2004-06-06,437.0,55067.66,0.0,535.46,0.0,21.45,3.15,741.33
2004-06-07,393.0,55200.73,3.41,363.66,0.0,19.35,5.74,923.77
2004-06-08,375.0,55290.93,0.0,462.55,0.0,19.92,6.38,962.16
2004-06-09,332.0,55296.02,0.0,519.87,0.0,27.15,8.9,1087.4
2004-06-10,289.0,55296.02,0.0,515.17,0.0,27.97,9.76,1137.82
2004-06-11,255.0,55296.02,0.0,500.55,0.0,18.23,2.75,743.36
2004-06-12,233.0,55305.22,0.0,474.14,0.0,16.94,3.04,760.55
2004-06-13,219.0,55346.46,0.0,520.72,0.0,19.19,2.3,712.26
2004-06-14,210.0,55413.27,0.0,526.69,0.0,24.19,5.7,885.93
2004-06-15,172.0,55484.16,0.91,360.9,0.0,21.48,11.5,1371.79
2004-06-16,159.0,55546.3,0.14,470.4,0.0,25.23,10.82,1278.62
2004-06-17,147.0,55546.3,0.0,468.97,0.0,23.17,8.88,1116.66
2004-06-18,134.0,55608.45,0.0,476.02,0.0,27.03,11.81,1347.58
2004-06-19,136.0,55608.45,4.51,338.16,0.0,24.82,11.36,1349.08
2004-06-20,156.0,55608.45,8.63,376.62,0.0,20.45,4.56,852.44
2004-06-21,143.0,55608.45,0.0,417.82,0.0,18.18,7.06,1022.32
2004-06-22,128.0,55608.45,0.0,441.28,0.0,22.0,9.2,1178.47
2004-06-23,127.0,55608.45,4.94,215.28,0.0,18.53,11.19,1335.33
2004-06-24,130.0,55546.3,0.0,475.26,0.0,22.79,7.97,1086.28
2004-06-25,124.0,55484.16,0.0,418.94,0.0,20.95,8.76,1144.64
2004-06-26,122.0,55413.27,3.53,257.82,0.0,17.52,9.46,1196.96
2004-06-27,118.0,55346.46,0.24,421.07,0.0,20.27,7.78,1062.36
2004-06-28,109.0,55305.22,0.25,437.44,0.0,20.58,7.38,1037.41
2004-06-29,102.0,55296.67,0.0,429.74,0.0,19.21,6.36,966.21
2004-06-30,102.0,55296.02,3.11,357.1,0.0,21.76,7.87,1081.57
2004-07-01,109.0,55296.02,0.0,458.3,0.0,21.06,6.68,980.65
2004-07-02,127.0,55296.02,17.45,354.93,0.0,25.92,9.24,1186.97
2004-07-03,161.0,55262.94,0.0,402.5,0.0,22.85,10.29,1258.3
2004-07-04,131.0,55138.57,0.0,418.09,0.0,21.98,8.79,1136.23
2004-07-05,115.0,54959.6,0.0,442.82,0.0,24.97,10.12,1232.83
2004-07-06,123.0,54950.4,8.17,159.23,0.0,19.87,14.04,1604.26
2004-07-07,125.0,54950.4,0.0,397.0,0.0,20.34,8.52,1124.4
2004-07-08,117.0,54945.33,4.53,344.95,0.0,24.64,9.4,1196.45
2004-07-09,142.0,54792.97,11.44,101.42,0.0,16.75,13.47,1547.75
2004-07-10,197.0,54614.05,20.05,176.02,0.0,19.77,13.64,1568.85
2004-07-11,181.0,54604.85,0.0,300.57,0.0,19.75,11.83,1386.15
2004-07-12,144.0,54604.85,0.0,451.72,0.0,24.48,10.6,1288.35
2004-07-13,124.0,54447.39,0.0,437.94,0.0,25.07,11.59,1380.69
2004-07-14,115.0,54259.84,3.5,299.38,0.0,22.95,12.84,1487.3
2004-07-15,153.0,54259.19,11.93,176.02,0.0,19.45,13.64,1564.19
2004-07-16,522.0,54226.06,10.01,162.72,0.0,19.04,13.82,1589.71
2004-07-17,909.0,53922.84,15.5,276.02,0.0,22.6,12.99,1500.57
2004-07-18,651.0,53913.64,3.72,319.99,0.0,23.61,12.91,1490.8
2004-07-19,464.0,53908.55,5.22,316.12,0.0,26.16,14.03,1610.55
2004-07-20,675.0,53618.48,9.33,231.91,0.0,22.43,14.87,1696.82
2004-07-21,567.0,53568.0,13.87,320.48,0.0,25.33,13.38,1535.08
2004-07-22,397.0,53562.93,0.0,446.76,0.0,26.6,13.52,1560.0
2004-07-23,277.0,53231.59,0.0,428.5,0.0,27.11,14.42,1656.31
2004-07-24,1460.0,53222.38,30.13,304.08,0.0,24.08,13.14,1505.47
2004-07-25,949.0,53127.1,0.0,475.35,0.0,19.45,5.95,938.58
2004-07-26,468.0,52876.79,0.0,439.81,0.0,19.68,7.72,1072.06
2004-07-27,359.0,52876.79,0.0,458.31,0.0,23.58,9.81,1230.44
2004-07-28,289.0,52581.65,2.27,337.92,0.0,21.75,12.23,1423.28
2004-07-29,265.0,52531.21,0.0,350.52,0.0,21.1,12.32,1444.72
2004-07-30,234.0,52498.07,0.0,443.98,0.0,24.98,11.96,1396.73
2004-07-31,209.0,52185.6,0.0,458.81,0.0,27.21,12.97,1510.84
2004-08-01,213.0,52185.6,10.21,252.16,0.0,27.06,18.13,2086.91
2004-08-02,216.0,51840.66,4.08,343.44,0.0,27.57,14.17,1618.67
2004-08-03,196.0,51840.02,0.0,470.04,0.0,27.92,12.81,1484.62
2004-08-04,369.0,51611.68,11.31,348.54,0.0,27.02,12.16,1431.14
2004-08-05,282.0,51494.41,0.0,461.56,0.0,23.58,9.64,1211.22
2004-08-06,212.0,51399.12,0.0,458.41,0.0,19.68,6.4,966.81
2004-08-07,187.0,51148.82,0.0,430.48,0.0,18.69,6.97,1017.45
2004-08-08,177.0,51115.67,3.87,324.53,0.0,20.0,9.34,1194.28
2004-08-09,177.0,50803.2,2.77,323.2,0.0,20.1,10.53,1282.73
2004-08-10,170.0,50798.11,0.0,431.38,0.0,23.43,10.13,1250.41
2004-08-11,165.0,50457.61,2.65,394.04,0.0,25.68,10.42,1278.49
2004-08-12,188.0,50457.61,4.13,215.48,0.0,24.59,16.82,1913.93
2004-08-13,1110.0,50112.02,34.96,157.61,0.0,23.13,17.69,2023.71
2004-08-14,1950.0,50112.02,13.71,138.12,0.0,21.76,17.15,1950.14
2004-08-15,1190.0,49766.37,0.0,381.24,0.0,22.54,11.73,1378.75
2004-08-16,681.0,49766.37,0.0,368.17,0.0,22.07,11.66,1374.82
2004-08-17,563.0,49420.8,11.7,252.14,0.0,21.63,12.45,1443.14
2004-08-18,540.0,49420.8,0.0,445.21,0.0,24.1,9.62,1213.3
2004-08-19,364.0,49075.17,0.0,425.92,0.0,24.05,10.42,1277.06
2004-08-20,597.0,49075.17,11.45,308.59,0.0,23.78,10.72,1298.59
2004-08-21,649.0,48729.61,6.25,287.99,0.0,23.26,11.47,1361.11
2004-08-22,1130.0,48729.61,14.22,280.38,0.0,16.38,5.89,936.31
2004-08-23,698.0,48383.99,0.0,452.05,0.0,20.62,5.5,913.71
2004-08-24,460.0,48378.89,0.53,459.19,0.0,23.4,5.5,908.27
2004-08-25,348.0,48038.43,0.0,447.17,0.0,20.25,4.97,872.41
2004-08-26,235.0,47881.02,0.0,460.81,0.0,22.1,5.13,891.96
2004-08-27,221.0,47692.81,0.0,426.65,0.0,24.31,9.21,1178.22
2004-08-28,246.0,47397.64,0.0,412.7,0.0,25.78,10.97,1324.78
2004-08-29,198.0,47347.21,3.55,276.43,0.0,28.71,15.87,1801.68
2004-08-30,215.0,47001.61,7.98,208.69,0.0,23.78,15.14,1727.92
2004-08-31,1090.0,47001.61,10.67,203.88,0.0,25.12,16.57,1889.87
2004-09-01,1050.0,46655.98,0.05,362.09,0.0,22.34,10.59,1287.22
2004-09-02,561.0,46655.98,0.0,443.85,0.0,21.41,4.5,844.98
2004-09-03,361.0,46310.4,0.0,420.87,0.0,18.29,3.35,778.97
2004-09-04,313.0,46310.4,0.0,453.11,0.0,24.12,4.8,864.17
2004-09-05,206.0,45964.78,0.0,391.47,0.0,18.78,5.28,891.16
2004-09-06,244.0,45931.68,0.0,348.14,0.0,16.85,5.63,925.49
2004-09-07,299.0,45619.2,0.0,353.3,0.0,19.58,7.76,1072.93
2004-09-08,286.0,45273.58,0.0,369.07,0.0,23.75,10.14,1255.26
2004-09-09,560.0,45273.58,17.88,177.1,0.0,18.74,11.42,1353.68
2004-09-10,2270.0,44928.0,26.58,213.92,0.0,21.23,12.02,1401.86
2004-09-11,1340.0,44928.0,0.0,335.34,0.0,18.11,6.91,994.77
2004-09-12,861.0,44582.39,0.0,407.74,0.0,22.07,5.52,903.06
2004-09-13,438.0,44582.39,0.0,399.26,0.0,23.09,6.47,959.37
2004-09-14,356.0,44236.77,0.0,386.41,0.0,17.15,2.04,708.96
2004-09-15,317.0,44236.77,0.0,395.74,0.0,18.33,1.95,710.41
2004-09-16,291.0,43891.22,0.0,379.93,0.0,23.13,6.82,996.59
2004-09-17,273.0,43545.62,0.0,336.32,0.0,24.13,10.36,1270.49
2004-09-18,297.0,43545.62,7.46,242.35,0.0,22.26,9.42,1193.65
2004-09-19,380.0,43199.99,7.29,175.8,0.0,13.04,4.93,870.36
2004-09-20,307.0,43199.99,0.0,252.39,0.0,11.98,3.14,773.83
2004-09-21,226.0,42854.38,0.0,337.14,0.0,17.32,3.83,814.65
2004-09-22,204.0,42854.38,0.0,214.08,0.0,16.71,9.1,1168.09
2004-09-23,194.0,42508.8,0.0,337.45,0.0,24.44,10.08,1246.18
2004-09-24,179.0,42168.24,0.0,369.88,0.0,20.71,4.1,822.7
2004-09-25,172.0,42163.18,0.0,386.35,0.0,23.81,4.3,838.84
2004-09-26,176.0,41817.61,5.53,260.3,0.0,23.02,7.31,1025.03
2004-09-27,173.0,41817.61,0.0,334.91,0.0,18.95,4.29,827.14
2004-09-28,163.0,41472.0,0.0,362.78,0.0,22.35,4.56,852.75
2004-09-29,157.0,41472.0,0.0,325.28,0.0,18.14,3.84,803.71
2004-09-30,152.0,41126.41,0.0,327.24,0.0,15.61,0.91,646.19
2004-10-01,145.0,41126.41,0.0,356.3,0.0,19.57,1.33,675.28
2004-10-02,139.0,40780.8,0.0,340.76,0.0,20.05,3.08,767.65
2004-10-03,139.0,40468.26,1.06,328.7,0.0,17.14,1.22,668.1
2004-10-04,138.0,40435.2,0.0,335.83,0.0,15.71,-0.75,580.16
2004-10-05,134.0,40089.61,0.0,336.08,0.0,16.25,-0.76,580.99
2004-10-06,128.0,40089.61,0.0,241.59,0.0,6.0,-4.21,446.42
2004-10-07,126.0,39744.03,0.0,329.96,0.0,12.72,-4.08,458.64
2004-10-08,126.0,39744.03,0.0,316.17,0.0,19.28,2.36,716.25
2004-10-09,124.0,39398.43,0.0,324.0,0.0,22.93,3.87,817.65
2004-10-10,124.0,39398.43,0.0,237.76,0.0,18.68,7.08,1009.23
2004-10-11,122.0,39052.75,0.0,173.51,0.0,13.68,5.78,925.94
2004-10-12,126.0,39002.29,1.91,123.59,0.0,11.4,5.25,888.93
2004-10-13,147.0,38707.21,8.94,95.52,0.0,9.57,4.28,822.46
2004-10-14,162.0,38519.06,0.0,316.87,0.0,18.03,-0.56,587.57
2004-10-15,145.0,38361.58,0.85,288.32,0.0,17.58,0.62,650.11
2004-10-16,1680.0,38049.09,36.77,73.29,0.0,12.08,8.04,1082.89
2004-10-17,1680.0,38016.04,6.1,175.88,0.0,14.04,2.6,739.7
2004-10-18,1090.0,37670.37,0.97,199.79,0.0,11.27,1.94,708.92
2004-10-19,655.0,37670.37,0.0,221.54,0.0,7.77,-2.82,497.1
2004-10-20,376.0,37324.82,0.0,255.23,0.0,9.8,-3.38,473.9
2004-10-21,333.0,37324.82,0.0,263.04,0.0,9.59,-4.54,439.72
2004-10-22,344.0,36979.21,0.0,213.02,0.0,6.38,-4.18,457.06
2004-10-23,361.0,36979.21,0.0,147.22,0.0,6.37,-0.52,596.32
2004-10-24,283.0,36633.59,0.0,197.45,0.0,9.21,-0.77,586.56
2004-10-25,271.0,36633.59,0.0,164.05,0.0,8.86,0.89,663.14
2004-10-26,261.0,36288.03,0.0,109.54,0.0,6.94,2.23,720.16
2004-10-27,250.0,36288.03,0.0,226.59,0.0,11.41,-0.21,601.96
2004-10-28,240.0,35942.39,0.0,239.5,0.0,9.46,-3.21,482.9
2004-10-29,225.0,35942.39,0.0,245.43,0.0,8.32,-4.99,421.83
2004-10-30,202.0,35601.92,0.0,255.73,0.0,9.04,-5.68,400.64
2004-10-31,243.0,35596.84,6.0,189.85,0.0,8.92,-4.87,432.21
2004-11-01,287.0,35284.34,2.21,176.72,0.0,13.08,3.81,800.79
2004-11-02,281.0,35251.18,0.0,148.95,0.0,6.21,-0.59,586.05
2004-11-03,428.0,35063.02,7.42,93.03,0.0,5.22,-0.34,601.24
2004-11-04,427.0,34905.6,0.0,154.25,0.0,3.79,-3.22,482.18
2004-11-05,466.0,34788.34,14.93,158.03,0.0,7.05,-3.6,475.21
2004-11-06,761.0,34559.99,3.68,112.67,0.0,3.86,-2.27,520.77
2004-11-07,666.0,34559.35,0.02,191.18,0.0,6.66,-2.49,510.19
2004-11-08,587.0,34214.4,0.0,205.8,0.0,7.73,-2.11,521.1
2004-11-09,498.0,34214.4,0.0,204.27,0.0,2.36,-7.24,351.79
2004-11-10,392.0,33901.92,0.0,194.31,0.0,-1.79,-11.04,268.69
2004-11-11,275.0,33868.81,0.0,213.95,0.0,-0.33,-11.14,265.65
2004-11-12,242.0,33818.36,0.0,227.24,0.0,5.58,-7.65,342.69
2004-11-13,217.0,33523.23,0.0,178.31,0.0,-0.93,-9.44,300.79
2004-11-14,200.0,33523.23,0.0,193.06,0.0,0.55,-9.12,303.95
2004-11-15,187.0,33272.91,0.0,215.01,0.0,3.24,-8.78,318.39
2004-11-16,178.0,33177.61,0.0,209.65,0.0,7.53,-4.44,440.0
2004-11-17,172.0,33168.4,0.0,212.59,0.0,4.76,-7.83,335.11
2004-11-18,166.0,32837.07,0.0,214.79,0.0,5.94,-7.46,355.91
2004-11-19,169.0,32832.0,0.0,110.81,0.0,6.78,1.31,665.05
2004-11-20,171.0,32781.54,0.0,190.24,0.0,6.95,-3.84,454.38
2004-11-21,165.0,32491.47,1.51,175.5,0.0,5.02,-4.52,440.29
2004-11-22,160.0,32486.39,0.54,74.24,0.0,1.93,-1.42,557.62
2004-11-23,156.0,32477.18,0.0,158.95,0.0,4.01,-4.58,433.12
2004-11-24,154.0,32173.93,0.0,184.63,0.0,6.1,-4.62,439.07
2004-11-25,1230.0,32140.81,28.29,79.28,0.0,7.4,1.88,709.28
2004-11-26,1960.0,32140.17,4.03,175.73,0.0,12.15,-7.84,342.82
2004-11-27,1130.0,31952.65,0.0,136.97,0.0,-2.93,-9.68,291.4
2004-11-28,854.0,31795.19,0.0,201.43,0.0,2.45,-9.12,309.04
2004-11-29,7470.0,31795.19,51.06,108.34,0.0,7.0,-0.24,601.31
2004-11-30,3500.0,31785.99,0.0,143.05,0.0,1.97,-5.16,418.18
2004-12-01,2740.0,31607.04,3.86,166.14,0.0,3.84,-6.02,393.22
2004-12-02,3850.0,31454.68,30.73,89.08,0.0,4.58,-1.52,553.64
2004-12-03,2320.0,31449.61,0.0,155.8,0.0,0.81,-7.71,339.16
2004-12-04,1490.0,31449.61,2.55,142.28,0.0,-4.19,-12.38,240.34
2004-12-05,1040.0,31440.4,0.0,203.2,0.0,-0.4,-12.75,233.66
2004-12-06,719.0,31261.45,0.0,220.72,0.0,0.53,-16.25,173.93
2004-12-07,592.0,31137.12,0.05,145.53,0.0,-9.09,-16.49,172.86
2004-12-08,533.0,31104.01,15.01,104.8,0.0,-4.79,-11.8,248.86
2004-12-09,493.0,31104.01,0.38,153.98,0.0,0.88,-7.26,353.25
2004-12-10,465.0,31104.01,0.0,127.34,0.0,-1.77,-8.07,331.81
2004-12-11,452.0,31103.37,23.8,47.69,0.0,-0.77,-3.69,461.7
2004-12-12,435.0,31094.8,1.12,47.12,0.0,-0.93,-2.98,491.64
2004-12-13,409.0,31053.55,0.88,92.16,0.0,-1.11,-5.47,406.9
2004-12-14,382.0,30986.76,2.0,164.6,0.0,-1.08,-9.36,294.35
2004-12-15,363.0,30915.86,0.0,159.81,0.0,-8.57,-16.78,160.0
2004-12-16,350.0,30853.71,0.0,177.6,0.0,-8.96,-18.57,155.66
2004-12-17,338.0,30791.53,0.0,217.09,0.0,-2.62,-17.94,150.25
2004-12-18,325.0,30791.53,0.0,224.17,0.0,-0.86,-21.11,113.82
2004-12-19,314.0,30791.53,0.0,212.79,0.0,-5.87,-20.49,125.69
2004-12-20,305.0,30791.53,2.24,197.93,0.0,0.05,-14.62,199.47
2004-12-21,294.0,30791.53,0.0,194.66,0.0,-14.03,-25.68,77.76
2004-12-22,287.0,30791.53,0.0,213.81,0.0,-9.59,-24.87,86.47
2004-12-23,282.0,30853.71,0.0,210.62,0.0,1.87,-13.66,217.45
2004-12-24,5880.0,30853.71,34.61,160.39,0.0,10.05,-6.32,377.61
2004-12-25,3290.0,30915.86,0.0,208.01,0.0,-3.45,-17.6,155.65
2004-12-26,2050.0,30986.76,0.0,176.94,0.0,-6.98,-17.02,167.05
2004-12-27,1280.0,31053.55,3.61,65.56,0.0,-11.19,-15.06,197.58
2004-12-28,1090.0,31094.8,0.0,144.77,0.0,-12.41,-19.74,119.45
2004-12-29,937.0,31104.01,0.0,207.22,0.0,-5.01,-17.9,150.43
2004-12-30,855.0,31104.01,0.0,212.08,0.0,-2.22,-16.41,172.04
2004-12-31,830.0,31104.01,0.0,209.65,0.0,-3.62,-17.16,161.24
